op,module,status,category,flop_cost_formula,weight,complex_factor,dtype_rate_rule,example_input,raw_flop_cost,raw_flop_cost_2x,billed_int16,billed_fp32,billed_fp64,billed_complex128,complex_penalty,notes,numpy_range,registry_ref,cost_impl_ref
abs,numpy,charged,counted_unary,,1.0,4.0,operands,"(1000,)",1000,2000,1000,1000,2000,8000,8.0,Element-wise absolute value; alias for absolute.,,https://github.com/AIcrowd/flopscope/blob/eb4e6ccf3675c9fe481b59e20a13f4f97ce70482/src/flopscope/_registry.py#L56,https://github.com/AIcrowd/flopscope/blob/eb4e6ccf3675c9fe481b59e20a13f4f97ce70482/src/flopscope/_pointwise.py#L403
absolute,numpy,charged,counted_unary,,1.0,4.0,operands,"(1000,)",1000,2000,1000,1000,2000,8000,8.0,Element-wise absolute value.,,https://github.com/AIcrowd/flopscope/blob/eb4e6ccf3675c9fe481b59e20a13f4f97ce70482/src/flopscope/_registry.py#L62,https://github.com/AIcrowd/flopscope/blob/eb4e6ccf3675c9fe481b59e20a13f4f97ce70482/src/flopscope/_pointwise.py#L403
negative,numpy,charged,counted_unary,,1.0,2.0,operands,"(1000,)",1000,2000,1000,1000,2000,4000,4.0,Element-wise negation.,,https://github.com/AIcrowd/flopscope/blob/eb4e6ccf3675c9fe481b59e20a13f4f97ce70482/src/flopscope/_registry.py#L68,https://github.com/AIcrowd/flopscope/blob/eb4e6ccf3675c9fe481b59e20a13f4f97ce70482/src/flopscope/_pointwise.py#L403
positive,numpy,charged,counted_unary,,1.0,2.0,operands,"(1000,)",1000,2000,1000,1000,2000,4000,4.0,Element-wise unary plus (copy with sign preserved).,,https://github.com/AIcrowd/flopscope/blob/eb4e6ccf3675c9fe481b59e20a13f4f97ce70482/src/flopscope/_registry.py#L74,https://github.com/AIcrowd/flopscope/blob/eb4e6ccf3675c9fe481b59e20a13f4f97ce70482/src/flopscope/_pointwise.py#L403
exp,numpy,charged,counted_unary,,16.0,3.1,operands,"(1000,)",1000,2000,16000,16000,32000,99200,6.2,Element-wise e^x.,,https://github.com/AIcrowd/flopscope/blob/eb4e6ccf3675c9fe481b59e20a13f4f97ce70482/src/flopscope/_registry.py#L80,https://github.com/AIcrowd/flopscope/blob/eb4e6ccf3675c9fe481b59e20a13f4f97ce70482/src/flopscope/_pointwise.py#L403
exp2,numpy,charged,counted_unary,,16.0,3.1,operands,"(1000,)",1000,2000,16000,16000,32000,99200,6.2,Element-wise 2^x.,,https://github.com/AIcrowd/flopscope/blob/eb4e6ccf3675c9fe481b59e20a13f4f97ce70482/src/flopscope/_registry.py#L86,https://github.com/AIcrowd/flopscope/blob/eb4e6ccf3675c9fe481b59e20a13f4f97ce70482/src/flopscope/_pointwise.py#L403
expm1,numpy,charged,counted_unary,,16.0,3.1,operands,"(1000,)",1000,2000,16000,16000,32000,99200,6.2,Element-wise e^x - 1 (accurate near zero).,,https://github.com/AIcrowd/flopscope/blob/eb4e6ccf3675c9fe481b59e20a13f4f97ce70482/src/flopscope/_registry.py#L92,https://github.com/AIcrowd/flopscope/blob/eb4e6ccf3675c9fe481b59e20a13f4f97ce70482/src/flopscope/_pointwise.py#L403
log,numpy,charged,counted_unary,,16.0,2.25,operands,"(1000,)",1000,2000,16000,16000,32000,72000,4.5,Element-wise natural logarithm.,,https://github.com/AIcrowd/flopscope/blob/eb4e6ccf3675c9fe481b59e20a13f4f97ce70482/src/flopscope/_registry.py#L98,https://github.com/AIcrowd/flopscope/blob/eb4e6ccf3675c9fe481b59e20a13f4f97ce70482/src/flopscope/_pointwise.py#L403
log2,numpy,charged,counted_unary,,16.0,2.3,operands,"(1000,)",1000,2000,16000,16000,32000,73600,4.6,Element-wise base-2 logarithm.,,https://github.com/AIcrowd/flopscope/blob/eb4e6ccf3675c9fe481b59e20a13f4f97ce70482/src/flopscope/_registry.py#L104,https://github.com/AIcrowd/flopscope/blob/eb4e6ccf3675c9fe481b59e20a13f4f97ce70482/src/flopscope/_pointwise.py#L403
log10,numpy,charged,counted_unary,,16.0,2.3,operands,"(1000,)",1000,2000,16000,16000,32000,73600,4.6,Element-wise base-10 logarithm.,,https://github.com/AIcrowd/flopscope/blob/eb4e6ccf3675c9fe481b59e20a13f4f97ce70482/src/flopscope/_registry.py#L110,https://github.com/AIcrowd/flopscope/blob/eb4e6ccf3675c9fe481b59e20a13f4f97ce70482/src/flopscope/_pointwise.py#L403
log1p,numpy,charged,counted_unary,,16.0,2.3,operands,"(1000,)",1000,2000,16000,16000,32000,73600,4.6,Element-wise log(1+x) (accurate near zero).,,https://github.com/AIcrowd/flopscope/blob/eb4e6ccf3675c9fe481b59e20a13f4f97ce70482/src/flopscope/_registry.py#L116,https://github.com/AIcrowd/flopscope/blob/eb4e6ccf3675c9fe481b59e20a13f4f97ce70482/src/flopscope/_pointwise.py#L403
sqrt,numpy,charged,counted_unary,,1.0,10.0,operands,"(1000,)",1000,2000,1000,1000,2000,20000,20.0,Element-wise square root.,,https://github.com/AIcrowd/flopscope/blob/eb4e6ccf3675c9fe481b59e20a13f4f97ce70482/src/flopscope/_registry.py#L122,https://github.com/AIcrowd/flopscope/blob/eb4e6ccf3675c9fe481b59e20a13f4f97ce70482/src/flopscope/_pointwise.py#L403
cbrt,numpy,charged,counted_unary,,16.0,illegal,operands,"(1000,)",1000,2000,16000,16000,32000,raises,—,Element-wise cube root. Complex-illegal: numpy raises TypeError on complex input (real-only ufunc).,,https://github.com/AIcrowd/flopscope/blob/eb4e6ccf3675c9fe481b59e20a13f4f97ce70482/src/flopscope/_registry.py#L128,https://github.com/AIcrowd/flopscope/blob/eb4e6ccf3675c9fe481b59e20a13f4f97ce70482/src/flopscope/_pointwise.py#L403
square,numpy,charged,counted_unary,,1.0,5.0,operands,"(1000,)",1000,2000,1000,1000,2000,10000,10.0,Element-wise x^2.,,https://github.com/AIcrowd/flopscope/blob/eb4e6ccf3675c9fe481b59e20a13f4f97ce70482/src/flopscope/_registry.py#L134,https://github.com/AIcrowd/flopscope/blob/eb4e6ccf3675c9fe481b59e20a13f4f97ce70482/src/flopscope/_pointwise.py#L403
reciprocal,numpy,charged,counted_unary,,1.0,6.0,operands,"(1000,)",1000,2000,1000,1000,2000,12000,12.0,Element-wise 1/x.,,https://github.com/AIcrowd/flopscope/blob/eb4e6ccf3675c9fe481b59e20a13f4f97ce70482/src/flopscope/_registry.py#L140,https://github.com/AIcrowd/flopscope/blob/eb4e6ccf3675c9fe481b59e20a13f4f97ce70482/src/flopscope/_pointwise.py#L403
sin,numpy,charged,counted_unary,,16.0,3.4,operands,"(1000,)",1000,2000,16000,16000,32000,108800,6.8,Element-wise sine.,,https://github.com/AIcrowd/flopscope/blob/eb4e6ccf3675c9fe481b59e20a13f4f97ce70482/src/flopscope/_registry.py#L146,https://github.com/AIcrowd/flopscope/blob/eb4e6ccf3675c9fe481b59e20a13f4f97ce70482/src/flopscope/_pointwise.py#L403
cos,numpy,charged,counted_unary,,16.0,3.4,operands,"(1000,)",1000,2000,16000,16000,32000,108800,6.8,Element-wise cosine.,,https://github.com/AIcrowd/flopscope/blob/eb4e6ccf3675c9fe481b59e20a13f4f97ce70482/src/flopscope/_registry.py#L152,https://github.com/AIcrowd/flopscope/blob/eb4e6ccf3675c9fe481b59e20a13f4f97ce70482/src/flopscope/_pointwise.py#L403
tan,numpy,charged,counted_unary,,16.0,3.6,operands,"(1000,)",1000,2000,16000,16000,32000,115200,7.2,Element-wise tangent.,,https://github.com/AIcrowd/flopscope/blob/eb4e6ccf3675c9fe481b59e20a13f4f97ce70482/src/flopscope/_registry.py#L158,https://github.com/AIcrowd/flopscope/blob/eb4e6ccf3675c9fe481b59e20a13f4f97ce70482/src/flopscope/_pointwise.py#L403
arcsin,numpy,charged,counted_unary,,16.0,3.5,operands,"(1000,)",1000,2000,16000,16000,32000,112000,7.0,Element-wise inverse sine.,,https://github.com/AIcrowd/flopscope/blob/eb4e6ccf3675c9fe481b59e20a13f4f97ce70482/src/flopscope/_registry.py#L164,https://github.com/AIcrowd/flopscope/blob/eb4e6ccf3675c9fe481b59e20a13f4f97ce70482/src/flopscope/_pointwise.py#L403
arccos,numpy,charged,counted_unary,,16.0,3.5,operands,"(1000,)",1000,2000,16000,16000,32000,112000,7.0,Element-wise inverse cosine.,,https://github.com/AIcrowd/flopscope/blob/eb4e6ccf3675c9fe481b59e20a13f4f97ce70482/src/flopscope/_registry.py#L170,https://github.com/AIcrowd/flopscope/blob/eb4e6ccf3675c9fe481b59e20a13f4f97ce70482/src/flopscope/_pointwise.py#L403
arctan,numpy,charged,counted_unary,,16.0,3.5,operands,"(1000,)",1000,2000,16000,16000,32000,112000,7.0,Element-wise inverse tangent.,,https://github.com/AIcrowd/flopscope/blob/eb4e6ccf3675c9fe481b59e20a13f4f97ce70482/src/flopscope/_registry.py#L176,https://github.com/AIcrowd/flopscope/blob/eb4e6ccf3675c9fe481b59e20a13f4f97ce70482/src/flopscope/_pointwise.py#L403
sinh,numpy,charged,counted_unary,,16.0,3.4,operands,"(1000,)",1000,2000,16000,16000,32000,108800,6.8,Element-wise hyperbolic sine.,,https://github.com/AIcrowd/flopscope/blob/eb4e6ccf3675c9fe481b59e20a13f4f97ce70482/src/flopscope/_registry.py#L182,https://github.com/AIcrowd/flopscope/blob/eb4e6ccf3675c9fe481b59e20a13f4f97ce70482/src/flopscope/_pointwise.py#L403
cosh,numpy,charged,counted_unary,,16.0,3.4,operands,"(1000,)",1000,2000,16000,16000,32000,108800,6.8,Element-wise hyperbolic cosine.,,https://github.com/AIcrowd/flopscope/blob/eb4e6ccf3675c9fe481b59e20a13f4f97ce70482/src/flopscope/_registry.py#L188,https://github.com/AIcrowd/flopscope/blob/eb4e6ccf3675c9fe481b59e20a13f4f97ce70482/src/flopscope/_pointwise.py#L403
tanh,numpy,charged,counted_unary,,16.0,3.4,operands,"(1000,)",1000,2000,16000,16000,32000,108800,6.8,Element-wise hyperbolic tangent.,,https://github.com/AIcrowd/flopscope/blob/eb4e6ccf3675c9fe481b59e20a13f4f97ce70482/src/flopscope/_registry.py#L194,https://github.com/AIcrowd/flopscope/blob/eb4e6ccf3675c9fe481b59e20a13f4f97ce70482/src/flopscope/_pointwise.py#L403
arcsinh,numpy,charged,counted_unary,,16.0,3.5,operands,"(1000,)",1000,2000,16000,16000,32000,112000,7.0,Element-wise inverse hyperbolic sine.,,https://github.com/AIcrowd/flopscope/blob/eb4e6ccf3675c9fe481b59e20a13f4f97ce70482/src/flopscope/_registry.py#L200,https://github.com/AIcrowd/flopscope/blob/eb4e6ccf3675c9fe481b59e20a13f4f97ce70482/src/flopscope/_pointwise.py#L403
arccosh,numpy,charged,counted_unary,,16.0,3.5,operands,"(1000,)",1000,2000,16000,16000,32000,112000,7.0,Element-wise inverse hyperbolic cosine.,,https://github.com/AIcrowd/flopscope/blob/eb4e6ccf3675c9fe481b59e20a13f4f97ce70482/src/flopscope/_registry.py#L206,https://github.com/AIcrowd/flopscope/blob/eb4e6ccf3675c9fe481b59e20a13f4f97ce70482/src/flopscope/_pointwise.py#L403
arctanh,numpy,charged,counted_unary,,16.0,3.5,operands,"(1000,)",1000,2000,16000,16000,32000,112000,7.0,Element-wise inverse hyperbolic tangent.,,https://github.com/AIcrowd/flopscope/blob/eb4e6ccf3675c9fe481b59e20a13f4f97ce70482/src/flopscope/_registry.py#L212,https://github.com/AIcrowd/flopscope/blob/eb4e6ccf3675c9fe481b59e20a13f4f97ce70482/src/flopscope/_pointwise.py#L403
asin,numpy,charged,counted_unary,,16.0,3.5,operands,"(1000,)",1000,2000,16000,16000,32000,112000,7.0,Alias for arcsin (NumPy 2.x).,,https://github.com/AIcrowd/flopscope/blob/eb4e6ccf3675c9fe481b59e20a13f4f97ce70482/src/flopscope/_registry.py#L219,https://github.com/AIcrowd/flopscope/blob/eb4e6ccf3675c9fe481b59e20a13f4f97ce70482/src/flopscope/_pointwise.py#L403
acos,numpy,charged,counted_unary,,16.0,3.5,operands,"(1000,)",1000,2000,16000,16000,32000,112000,7.0,Alias for arccos (NumPy 2.x).,,https://github.com/AIcrowd/flopscope/blob/eb4e6ccf3675c9fe481b59e20a13f4f97ce70482/src/flopscope/_registry.py#L225,https://github.com/AIcrowd/flopscope/blob/eb4e6ccf3675c9fe481b59e20a13f4f97ce70482/src/flopscope/_pointwise.py#L403
atan,numpy,charged,counted_unary,,16.0,3.5,operands,"(1000,)",1000,2000,16000,16000,32000,112000,7.0,Alias for arctan (NumPy 2.x).,,https://github.com/AIcrowd/flopscope/blob/eb4e6ccf3675c9fe481b59e20a13f4f97ce70482/src/flopscope/_registry.py#L231,https://github.com/AIcrowd/flopscope/blob/eb4e6ccf3675c9fe481b59e20a13f4f97ce70482/src/flopscope/_pointwise.py#L403
asinh,numpy,charged,counted_unary,,16.0,3.5,operands,"(1000,)",1000,2000,16000,16000,32000,112000,7.0,Alias for arcsinh (NumPy 2.x).,,https://github.com/AIcrowd/flopscope/blob/eb4e6ccf3675c9fe481b59e20a13f4f97ce70482/src/flopscope/_registry.py#L237,https://github.com/AIcrowd/flopscope/blob/eb4e6ccf3675c9fe481b59e20a13f4f97ce70482/src/flopscope/_pointwise.py#L403
acosh,numpy,charged,counted_unary,,16.0,3.5,operands,"(1000,)",1000,2000,16000,16000,32000,112000,7.0,Alias for arccosh (NumPy 2.x).,,https://github.com/AIcrowd/flopscope/blob/eb4e6ccf3675c9fe481b59e20a13f4f97ce70482/src/flopscope/_registry.py#L243,https://github.com/AIcrowd/flopscope/blob/eb4e6ccf3675c9fe481b59e20a13f4f97ce70482/src/flopscope/_pointwise.py#L403
atanh,numpy,charged,counted_unary,,16.0,3.5,operands,"(1000,)",1000,2000,16000,16000,32000,112000,7.0,Alias for arctanh (NumPy 2.x).,,https://github.com/AIcrowd/flopscope/blob/eb4e6ccf3675c9fe481b59e20a13f4f97ce70482/src/flopscope/_registry.py#L249,https://github.com/AIcrowd/flopscope/blob/eb4e6ccf3675c9fe481b59e20a13f4f97ce70482/src/flopscope/_pointwise.py#L403
degrees,numpy,charged,counted_unary,,1.0,illegal,operands,"(1000,)",1000,2000,1000,1000,2000,raises,—,Convert radians to degrees element-wise. Complex-illegal: numpy raises TypeError on complex input.,,https://github.com/AIcrowd/flopscope/blob/eb4e6ccf3675c9fe481b59e20a13f4f97ce70482/src/flopscope/_registry.py#L255,https://github.com/AIcrowd/flopscope/blob/eb4e6ccf3675c9fe481b59e20a13f4f97ce70482/src/flopscope/_pointwise.py#L403
radians,numpy,charged,counted_unary,,1.0,illegal,operands,"(1000,)",1000,2000,1000,1000,2000,raises,—,Convert degrees to radians element-wise. Complex-illegal: numpy raises TypeError on complex input.,,https://github.com/AIcrowd/flopscope/blob/eb4e6ccf3675c9fe481b59e20a13f4f97ce70482/src/flopscope/_registry.py#L261,https://github.com/AIcrowd/flopscope/blob/eb4e6ccf3675c9fe481b59e20a13f4f97ce70482/src/flopscope/_pointwise.py#L403
deg2rad,numpy,charged,counted_unary,,1.0,illegal,operands,"(1000,)",1000,2000,1000,1000,2000,raises,—,Alias for radians. Complex-illegal: numpy raises TypeError on complex input.,,https://github.com/AIcrowd/flopscope/blob/eb4e6ccf3675c9fe481b59e20a13f4f97ce70482/src/flopscope/_registry.py#L267,https://github.com/AIcrowd/flopscope/blob/eb4e6ccf3675c9fe481b59e20a13f4f97ce70482/src/flopscope/_pointwise.py#L403
rad2deg,numpy,charged,counted_unary,,1.0,illegal,operands,"(1000,)",1000,2000,1000,1000,2000,raises,—,Alias for degrees. Complex-illegal: numpy raises TypeError on complex input.,,https://github.com/AIcrowd/flopscope/blob/eb4e6ccf3675c9fe481b59e20a13f4f97ce70482/src/flopscope/_registry.py#L273,https://github.com/AIcrowd/flopscope/blob/eb4e6ccf3675c9fe481b59e20a13f4f97ce70482/src/flopscope/_pointwise.py#L403
sign,numpy,charged,counted_unary,,1.0,7.0,operands,"(1000,)",1000,2000,1000,1000,2000,14000,14.0,Element-wise sign function.,,https://github.com/AIcrowd/flopscope/blob/eb4e6ccf3675c9fe481b59e20a13f4f97ce70482/src/flopscope/_registry.py#L279,https://github.com/AIcrowd/flopscope/blob/eb4e6ccf3675c9fe481b59e20a13f4f97ce70482/src/flopscope/_pointwise.py#L403
signbit,numpy,charged,counted_unary,,1.0,illegal,operands,"(1000,)",1000,2000,1000,1000,2000,raises,—,Returns True for elements with negative sign bit. Complex-illegal: numpy raises TypeError on complex input (sign bit is ambiguous for complex).,,https://github.com/AIcrowd/flopscope/blob/eb4e6ccf3675c9fe481b59e20a13f4f97ce70482/src/flopscope/_registry.py#L285,https://github.com/AIcrowd/flopscope/blob/eb4e6ccf3675c9fe481b59e20a13f4f97ce70482/src/flopscope/_pointwise.py#L403
fabs,numpy,charged,counted_unary,,1.0,illegal,operands,"(1000,)",1000,2000,1000,1000,2000,raises,—,Element-wise absolute value (always float). Complex-illegal: numpy raises TypeError on complex input (use absolute instead).,,https://github.com/AIcrowd/flopscope/blob/eb4e6ccf3675c9fe481b59e20a13f4f97ce70482/src/flopscope/_registry.py#L291,https://github.com/AIcrowd/flopscope/blob/eb4e6ccf3675c9fe481b59e20a13f4f97ce70482/src/flopscope/_pointwise.py#L403
ceil,numpy,charged,counted_unary,,1.0,illegal,operands,"(1000,)",1000,2000,1000,1000,2000,raises,—,Element-wise ceiling. Complex-illegal: numpy raises TypeError on complex input.,,https://github.com/AIcrowd/flopscope/blob/eb4e6ccf3675c9fe481b59e20a13f4f97ce70482/src/flopscope/_registry.py#L297,https://github.com/AIcrowd/flopscope/blob/eb4e6ccf3675c9fe481b59e20a13f4f97ce70482/src/flopscope/_pointwise.py#L403
floor,numpy,charged,counted_unary,,1.0,illegal,operands,"(1000,)",1000,2000,1000,1000,2000,raises,—,Element-wise floor. Complex-illegal: numpy raises TypeError on complex input.,,https://github.com/AIcrowd/flopscope/blob/eb4e6ccf3675c9fe481b59e20a13f4f97ce70482/src/flopscope/_registry.py#L303,https://github.com/AIcrowd/flopscope/blob/eb4e6ccf3675c9fe481b59e20a13f4f97ce70482/src/flopscope/_pointwise.py#L403
rint,numpy,charged,counted_unary,,1.0,2.0,operands,"(1000,)",1000,2000,1000,1000,2000,4000,4.0,Round to nearest integer element-wise.,,https://github.com/AIcrowd/flopscope/blob/eb4e6ccf3675c9fe481b59e20a13f4f97ce70482/src/flopscope/_registry.py#L309,https://github.com/AIcrowd/flopscope/blob/eb4e6ccf3675c9fe481b59e20a13f4f97ce70482/src/flopscope/_pointwise.py#L403
trunc,numpy,charged,counted_unary,,1.0,illegal,operands,"(1000,)",1000,2000,1000,1000,2000,raises,—,Truncate toward zero element-wise. Complex-illegal: numpy raises TypeError on complex input.,,https://github.com/AIcrowd/flopscope/blob/eb4e6ccf3675c9fe481b59e20a13f4f97ce70482/src/flopscope/_registry.py#L315,https://github.com/AIcrowd/flopscope/blob/eb4e6ccf3675c9fe481b59e20a13f4f97ce70482/src/flopscope/_pointwise.py#L403
fix,numpy,charged,counted_unary,,1.0,illegal,operands,"(1000,)",1000,2000,1000,1000,2000,raises,—,Round toward zero element-wise (alias for trunc). Complex-illegal: numpy raises TypeError on complex input.,,https://github.com/AIcrowd/flopscope/blob/eb4e6ccf3675c9fe481b59e20a13f4f97ce70482/src/flopscope/_registry.py#L321,https://github.com/AIcrowd/flopscope/blob/eb4e6ccf3675c9fe481b59e20a13f4f97ce70482/src/flopscope/_pointwise.py#L403
round,numpy,charged,counted_unary,,1.0,2.0,operands,"(1000,)",1000,2000,1000,1000,2000,4000,4.0,Round to given number of decimals element-wise.,,https://github.com/AIcrowd/flopscope/blob/eb4e6ccf3675c9fe481b59e20a13f4f97ce70482/src/flopscope/_registry.py#L327,https://github.com/AIcrowd/flopscope/blob/eb4e6ccf3675c9fe481b59e20a13f4f97ce70482/src/flopscope/_pointwise.py#L1298
around,numpy,charged,counted_unary,,1.0,2.0,operands,"(1000,)",1000,2000,1000,1000,2000,4000,4.0,Alias for round.,,https://github.com/AIcrowd/flopscope/blob/eb4e6ccf3675c9fe481b59e20a13f4f97ce70482/src/flopscope/_registry.py#L333,https://github.com/AIcrowd/flopscope/blob/eb4e6ccf3675c9fe481b59e20a13f4f97ce70482/src/flopscope/_pointwise.py#L1188
spacing,numpy,charged,counted_unary,,1.0,illegal,operands,"(1000,)",1000,2000,1000,1000,2000,raises,—,Return ULP spacing for each element. Complex-illegal: numpy raises TypeError on complex input.,,https://github.com/AIcrowd/flopscope/blob/eb4e6ccf3675c9fe481b59e20a13f4f97ce70482/src/flopscope/_registry.py#L339,https://github.com/AIcrowd/flopscope/blob/eb4e6ccf3675c9fe481b59e20a13f4f97ce70482/src/flopscope/_pointwise.py#L403
logical_not,numpy,charged,counted_unary,,1.0,2.0,operands,"(1000,)",1000,2000,1000,1000,2000,4000,4.0,Element-wise logical NOT.,,https://github.com/AIcrowd/flopscope/blob/eb4e6ccf3675c9fe481b59e20a13f4f97ce70482/src/flopscope/_registry.py#L345,https://github.com/AIcrowd/flopscope/blob/eb4e6ccf3675c9fe481b59e20a13f4f97ce70482/src/flopscope/_pointwise.py#L403
bitwise_not,numpy,charged,counted_unary,,1.0,illegal,operands,"(1000,)",,,,,,,—,Element-wise bitwise NOT. Complex-illegal: numpy raises TypeError on complex input (bitwise ops are integer/bool only).,,https://github.com/AIcrowd/flopscope/blob/eb4e6ccf3675c9fe481b59e20a13f4f97ce70482/src/flopscope/_registry.py#L351,
bitwise_invert,numpy,charged,counted_unary,,1.0,illegal,operands,"(1000,)",,,,,,,—,Element-wise bitwise invert (alias for bitwise_not). Complex-illegal: numpy raises TypeError on complex input.,,https://github.com/AIcrowd/flopscope/blob/eb4e6ccf3675c9fe481b59e20a13f4f97ce70482/src/flopscope/_registry.py#L357,
bitwise_count,numpy,charged,counted_unary,,1.0,illegal,operands,"(1000,)",,,,,,,—,Count set bits element-wise (popcount). Complex-illegal: numpy raises TypeError on complex input (integer only).,2.1..,https://github.com/AIcrowd/flopscope/blob/eb4e6ccf3675c9fe481b59e20a13f4f97ce70482/src/flopscope/_registry.py#L363,
invert,numpy,charged,counted_unary,,1.0,illegal,operands,"(1000,)",,,,,,,—,Bitwise NOT element-wise. Complex-illegal: numpy raises TypeError on complex input.,,https://github.com/AIcrowd/flopscope/blob/eb4e6ccf3675c9fe481b59e20a13f4f97ce70482/src/flopscope/_registry.py#L370,
conj,numpy,charged,counted_unary,,1.0,1.0,operands,"(1000,)",1000,2000,1000,1000,2000,2000,2.0,Complex conjugate element-wise.,,https://github.com/AIcrowd/flopscope/blob/eb4e6ccf3675c9fe481b59e20a13f4f97ce70482/src/flopscope/_registry.py#L376,https://github.com/AIcrowd/flopscope/blob/eb4e6ccf3675c9fe481b59e20a13f4f97ce70482/src/flopscope/_pointwise.py#L403
conjugate,numpy,charged,counted_unary,,1.0,1.0,operands,"(1000,)",1000,2000,1000,1000,2000,2000,2.0,Complex conjugate element-wise.,,https://github.com/AIcrowd/flopscope/blob/eb4e6ccf3675c9fe481b59e20a13f4f97ce70482/src/flopscope/_registry.py#L382,https://github.com/AIcrowd/flopscope/blob/eb4e6ccf3675c9fe481b59e20a13f4f97ce70482/src/flopscope/_pointwise.py#L403
angle,numpy,charged,counted_unary,,16.0,1.0,operands,"(1000,)",1000,2000,16000,16000,32000,32000,2.0,Return angle of complex argument element-wise.,,https://github.com/AIcrowd/flopscope/blob/eb4e6ccf3675c9fe481b59e20a13f4f97ce70482/src/flopscope/_registry.py#L388,https://github.com/AIcrowd/flopscope/blob/eb4e6ccf3675c9fe481b59e20a13f4f97ce70482/src/flopscope/_pointwise.py#L403
real,numpy,free,free,,0.0,,neutral,,0,,,,,,—,"Return real part of complex array. Component extraction -- a view, no arithmetic -- so it is free.",,https://github.com/AIcrowd/flopscope/blob/eb4e6ccf3675c9fe481b59e20a13f4f97ce70482/src/flopscope/_registry.py#L394,
imag,numpy,free,free,,0.0,,neutral,,0,,,,,,—,"Return imaginary part of complex array. Component extraction -- a view (or constant-fill for real input), no arithmetic -- so it is free.",,https://github.com/AIcrowd/flopscope/blob/eb4e6ccf3675c9fe481b59e20a13f4f97ce70482/src/flopscope/_registry.py#L402,
sinc,numpy,charged,counted_unary,,16.0,14.5,operands,"(1000,)",1000,2000,16000,16000,32000,464000,29.0,Normalized sinc function element-wise. Complex factor derived: sin(pi*x)/(pi*x) = sin (3.4) + divide (11.0) + negligible real-scalar scale (0.1).,,https://github.com/AIcrowd/flopscope/blob/eb4e6ccf3675c9fe481b59e20a13f4f97ce70482/src/flopscope/_registry.py#L411,https://github.com/AIcrowd/flopscope/blob/eb4e6ccf3675c9fe481b59e20a13f4f97ce70482/src/flopscope/_pointwise.py#L403
i0,numpy,charged,counted_unary,,16.0,illegal,operands,"(1000,)",1000,2000,16000,16000,32000,raises,—,"Modified Bessel function of order 0, element-wise. Complex-illegal: numpy raises TypeError on complex input.",,https://github.com/AIcrowd/flopscope/blob/eb4e6ccf3675c9fe481b59e20a13f4f97ce70482/src/flopscope/_registry.py#L417,https://github.com/AIcrowd/flopscope/blob/eb4e6ccf3675c9fe481b59e20a13f4f97ce70482/src/flopscope/_pointwise.py#L403
nan_to_num,numpy,charged,counted_unary,,1.0,2.0,operands,"(1000,)",1000,2000,1000,1000,2000,4000,4.0,Replace NaN/inf with finite numbers element-wise.,,https://github.com/AIcrowd/flopscope/blob/eb4e6ccf3675c9fe481b59e20a13f4f97ce70482/src/flopscope/_registry.py#L423,https://github.com/AIcrowd/flopscope/blob/eb4e6ccf3675c9fe481b59e20a13f4f97ce70482/src/flopscope/_pointwise.py#L403
modf,numpy,charged,counted_unary,,1.0,illegal,operands,"(1000,)",1000,2000,1000,1000,2000,raises,—,Return fractional and integral parts element-wise. Complex-illegal: numpy raises TypeError on complex input.,,https://github.com/AIcrowd/flopscope/blob/eb4e6ccf3675c9fe481b59e20a13f4f97ce70482/src/flopscope/_registry.py#L429,https://github.com/AIcrowd/flopscope/blob/eb4e6ccf3675c9fe481b59e20a13f4f97ce70482/src/flopscope/_pointwise.py#L506
frexp,numpy,charged,counted_unary,,1.0,illegal,operands,"(1000,)",1000,2000,1000,1000,2000,raises,—,Decompose x into mantissa and exponent element-wise. Complex-illegal: numpy raises TypeError on complex input.,,https://github.com/AIcrowd/flopscope/blob/eb4e6ccf3675c9fe481b59e20a13f4f97ce70482/src/flopscope/_registry.py#L435,https://github.com/AIcrowd/flopscope/blob/eb4e6ccf3675c9fe481b59e20a13f4f97ce70482/src/flopscope/_pointwise.py#L506
isclose,numpy,charged,counted_unary,,1.0,2.0,operands,"(1000,)",,,,,,,—,Element-wise approximate equality test. Cost: 6*numel(output).,,https://github.com/AIcrowd/flopscope/blob/eb4e6ccf3675c9fe481b59e20a13f4f97ce70482/src/flopscope/_registry.py#L441,
isnat,numpy,blacklisted,blacklisted,,0.0,,neutral,,0,,,,,,—,"Element-wise test for NaT. Cost: numel(input). Un-blacklisted: comparison tier, benchmarked in SPECIAL_OPS.",,https://github.com/AIcrowd/flopscope/blob/eb4e6ccf3675c9fe481b59e20a13f4f97ce70482/src/flopscope/_registry.py#L447,
isneginf,numpy,charged,counted_unary,,1.0,illegal,operands,"(1000,)",1000,2000,1000,1000,2000,raises,—,Test for negative infinity element-wise. Complex-illegal: numpy raises TypeError on complex input (ambiguous).,,https://github.com/AIcrowd/flopscope/blob/eb4e6ccf3675c9fe481b59e20a13f4f97ce70482/src/flopscope/_registry.py#L452,https://github.com/AIcrowd/flopscope/blob/eb4e6ccf3675c9fe481b59e20a13f4f97ce70482/src/flopscope/_pointwise.py#L403
isposinf,numpy,charged,counted_unary,,1.0,illegal,operands,"(1000,)",1000,2000,1000,1000,2000,raises,—,Test for positive infinity element-wise. Complex-illegal: numpy raises TypeError on complex input (ambiguous).,,https://github.com/AIcrowd/flopscope/blob/eb4e6ccf3675c9fe481b59e20a13f4f97ce70482/src/flopscope/_registry.py#L458,https://github.com/AIcrowd/flopscope/blob/eb4e6ccf3675c9fe481b59e20a13f4f97ce70482/src/flopscope/_pointwise.py#L403
isreal,numpy,charged,counted_unary,,1.0,2.0,operands,"(1000,)",1000,2000,1000,1000,2000,4000,4.0,Test if element is real (imag == 0) element-wise.,,https://github.com/AIcrowd/flopscope/blob/eb4e6ccf3675c9fe481b59e20a13f4f97ce70482/src/flopscope/_registry.py#L464,https://github.com/AIcrowd/flopscope/blob/eb4e6ccf3675c9fe481b59e20a13f4f97ce70482/src/flopscope/_pointwise.py#L403
iscomplex,numpy,charged,counted_unary,,1.0,2.0,operands,"(1000,)",1000,2000,1000,1000,2000,4000,4.0,Test if element is complex element-wise.,,https://github.com/AIcrowd/flopscope/blob/eb4e6ccf3675c9fe481b59e20a13f4f97ce70482/src/flopscope/_registry.py#L470,https://github.com/AIcrowd/flopscope/blob/eb4e6ccf3675c9fe481b59e20a13f4f97ce70482/src/flopscope/_pointwise.py#L403
iscomplexobj,numpy,free,free,,0.0,,neutral,,0,,,,,,—,"Return True if input is a complex type or array (dtype predicate, O(1)).",,https://github.com/AIcrowd/flopscope/blob/eb4e6ccf3675c9fe481b59e20a13f4f97ce70482/src/flopscope/_registry.py#L476,
isrealobj,numpy,free,free,,0.0,,neutral,,0,,,,,,—,"Return True if x is not a complex type or array (dtype predicate, O(1)).",,https://github.com/AIcrowd/flopscope/blob/eb4e6ccf3675c9fe481b59e20a13f4f97ce70482/src/flopscope/_registry.py#L481,
real_if_close,numpy,charged,counted_unary,,1.0,2.0,operands,"(1000,)",1000,2000,1000,1000,2000,4000,4.0,"Return real array if imaginary part is negligible. Complex factor derived: tests imag component against tolerance and conditionally copies real component, structurally matching the isnan/isfinite test-and-patch tier.",,https://github.com/AIcrowd/flopscope/blob/eb4e6ccf3675c9fe481b59e20a13f4f97ce70482/src/flopscope/_registry.py#L486,https://github.com/AIcrowd/flopscope/blob/eb4e6ccf3675c9fe481b59e20a13f4f97ce70482/src/flopscope/_pointwise.py#L403
sort_complex,numpy,charged,counted_custom,,1.0,2.0,operands,(pending curation),,,,,,,—,Sort complex array. Cost: n*ceil(log2 n) per last-axis slice.,,https://github.com/AIcrowd/flopscope/blob/eb4e6ccf3675c9fe481b59e20a13f4f97ce70482/src/flopscope/_registry.py#L492,
add,numpy,charged,counted_binary,,1.0,2.0,operands,"(1000,)+(1000,)",1000,2000,1000,1000,2000,4000,4.0,Element-wise addition.,,https://github.com/AIcrowd/flopscope/blob/eb4e6ccf3675c9fe481b59e20a13f4f97ce70482/src/flopscope/_registry.py#L501,https://github.com/AIcrowd/flopscope/blob/eb4e6ccf3675c9fe481b59e20a13f4f97ce70482/src/flopscope/_pointwise.py#L567
subtract,numpy,charged,counted_binary,,1.0,2.0,operands,"(1000,)+(1000,)",1000,2000,1000,1000,2000,4000,4.0,Element-wise subtraction.,,https://github.com/AIcrowd/flopscope/blob/eb4e6ccf3675c9fe481b59e20a13f4f97ce70482/src/flopscope/_registry.py#L507,https://github.com/AIcrowd/flopscope/blob/eb4e6ccf3675c9fe481b59e20a13f4f97ce70482/src/flopscope/_pointwise.py#L567
multiply,numpy,charged,counted_binary,,1.0,6.0,operands,"(1000,)+(1000,)",1000,2000,1000,1000,2000,12000,12.0,Element-wise multiplication.,,https://github.com/AIcrowd/flopscope/blob/eb4e6ccf3675c9fe481b59e20a13f4f97ce70482/src/flopscope/_registry.py#L513,https://github.com/AIcrowd/flopscope/blob/eb4e6ccf3675c9fe481b59e20a13f4f97ce70482/src/flopscope/_pointwise.py#L567
divide,numpy,charged,counted_binary,,1.0,11.0,operands,"(1000,)+(1000,)",1000,2000,1000,1000,2000,22000,22.0,Element-wise true division.,,https://github.com/AIcrowd/flopscope/blob/eb4e6ccf3675c9fe481b59e20a13f4f97ce70482/src/flopscope/_registry.py#L519,https://github.com/AIcrowd/flopscope/blob/eb4e6ccf3675c9fe481b59e20a13f4f97ce70482/src/flopscope/_pointwise.py#L567
true_divide,numpy,charged,counted_binary,,1.0,11.0,operands,"(1000,)+(1000,)",1000,2000,1000,1000,2000,22000,22.0,Element-wise true division (explicit).,,https://github.com/AIcrowd/flopscope/blob/eb4e6ccf3675c9fe481b59e20a13f4f97ce70482/src/flopscope/_registry.py#L525,https://github.com/AIcrowd/flopscope/blob/eb4e6ccf3675c9fe481b59e20a13f4f97ce70482/src/flopscope/_pointwise.py#L567
floor_divide,numpy,charged,counted_binary,,16.0,illegal,operands,"(1000,)+(1000,)",1000,2000,16000,16000,32000,raises,—,Element-wise floor division. Complex-illegal: numpy raises TypeError on complex input.,,https://github.com/AIcrowd/flopscope/blob/eb4e6ccf3675c9fe481b59e20a13f4f97ce70482/src/flopscope/_registry.py#L531,https://github.com/AIcrowd/flopscope/blob/eb4e6ccf3675c9fe481b59e20a13f4f97ce70482/src/flopscope/_pointwise.py#L567
power,numpy,charged,counted_binary,,16.0,5.5,operands,"(1000,)+(1000,)",1000,2000,16000,16000,32000,176000,11.0,Element-wise exponentiation x**y.,,https://github.com/AIcrowd/flopscope/blob/eb4e6ccf3675c9fe481b59e20a13f4f97ce70482/src/flopscope/_registry.py#L537,https://github.com/AIcrowd/flopscope/blob/eb4e6ccf3675c9fe481b59e20a13f4f97ce70482/src/flopscope/_pointwise.py#L567
pow,numpy,charged,counted_binary,,16.0,5.5,operands,"(1000,)+(1000,)",1000,2000,16000,16000,32000,176000,11.0,Alias for power (NumPy 2.x).,,https://github.com/AIcrowd/flopscope/blob/eb4e6ccf3675c9fe481b59e20a13f4f97ce70482/src/flopscope/_registry.py#L543,https://github.com/AIcrowd/flopscope/blob/eb4e6ccf3675c9fe481b59e20a13f4f97ce70482/src/flopscope/_pointwise.py#L567
float_power,numpy,charged,counted_binary,,16.0,5.5,operands,"(1000,)+(1000,)",1000,2000,16000,16000,32000,176000,11.0,Element-wise exponentiation in float64. Same transcendental structure as power on complex input.,,https://github.com/AIcrowd/flopscope/blob/eb4e6ccf3675c9fe481b59e20a13f4f97ce70482/src/flopscope/_registry.py#L549,https://github.com/AIcrowd/flopscope/blob/eb4e6ccf3675c9fe481b59e20a13f4f97ce70482/src/flopscope/_pointwise.py#L567
mod,numpy,charged,counted_binary,,16.0,illegal,operands,"(1000,)+(1000,)",1000,2000,16000,16000,32000,raises,—,Element-wise modulo. Complex-illegal: numpy raises TypeError on complex input (dispatches to remainder).,,https://github.com/AIcrowd/flopscope/blob/eb4e6ccf3675c9fe481b59e20a13f4f97ce70482/src/flopscope/_registry.py#L555,https://github.com/AIcrowd/flopscope/blob/eb4e6ccf3675c9fe481b59e20a13f4f97ce70482/src/flopscope/_pointwise.py#L567
remainder,numpy,charged,counted_binary,,16.0,illegal,operands,"(1000,)+(1000,)",1000,2000,16000,16000,32000,raises,—,Element-wise remainder (same as mod). Complex-illegal: numpy raises TypeError on complex input.,,https://github.com/AIcrowd/flopscope/blob/eb4e6ccf3675c9fe481b59e20a13f4f97ce70482/src/flopscope/_registry.py#L561,https://github.com/AIcrowd/flopscope/blob/eb4e6ccf3675c9fe481b59e20a13f4f97ce70482/src/flopscope/_pointwise.py#L567
fmod,numpy,charged,counted_binary,,16.0,illegal,operands,"(1000,)+(1000,)",1000,2000,16000,16000,32000,raises,—,Element-wise C-style fmod (remainder toward zero). Complex-illegal: numpy raises TypeError on complex input.,,https://github.com/AIcrowd/flopscope/blob/eb4e6ccf3675c9fe481b59e20a13f4f97ce70482/src/flopscope/_registry.py#L567,https://github.com/AIcrowd/flopscope/blob/eb4e6ccf3675c9fe481b59e20a13f4f97ce70482/src/flopscope/_pointwise.py#L567
maximum,numpy,charged,counted_binary,,1.0,2.0,operands,"(1000,)+(1000,)",1000,2000,1000,1000,2000,4000,4.0,Element-wise maximum (propagates NaN). Lexicographic order on complex.,,https://github.com/AIcrowd/flopscope/blob/eb4e6ccf3675c9fe481b59e20a13f4f97ce70482/src/flopscope/_registry.py#L573,https://github.com/AIcrowd/flopscope/blob/eb4e6ccf3675c9fe481b59e20a13f4f97ce70482/src/flopscope/_pointwise.py#L567
minimum,numpy,charged,counted_binary,,1.0,2.0,operands,"(1000,)+(1000,)",1000,2000,1000,1000,2000,4000,4.0,Element-wise minimum (propagates NaN). Lexicographic order on complex.,,https://github.com/AIcrowd/flopscope/blob/eb4e6ccf3675c9fe481b59e20a13f4f97ce70482/src/flopscope/_registry.py#L579,https://github.com/AIcrowd/flopscope/blob/eb4e6ccf3675c9fe481b59e20a13f4f97ce70482/src/flopscope/_pointwise.py#L567
fmax,numpy,charged,counted_binary,,1.0,2.0,operands,"(1000,)+(1000,)",1000,2000,1000,1000,2000,4000,4.0,Element-wise maximum ignoring NaN. Lexicographic order on complex.,,https://github.com/AIcrowd/flopscope/blob/eb4e6ccf3675c9fe481b59e20a13f4f97ce70482/src/flopscope/_registry.py#L585,https://github.com/AIcrowd/flopscope/blob/eb4e6ccf3675c9fe481b59e20a13f4f97ce70482/src/flopscope/_pointwise.py#L567
fmin,numpy,charged,counted_binary,,1.0,2.0,operands,"(1000,)+(1000,)",1000,2000,1000,1000,2000,4000,4.0,Element-wise minimum ignoring NaN. Lexicographic order on complex.,,https://github.com/AIcrowd/flopscope/blob/eb4e6ccf3675c9fe481b59e20a13f4f97ce70482/src/flopscope/_registry.py#L591,https://github.com/AIcrowd/flopscope/blob/eb4e6ccf3675c9fe481b59e20a13f4f97ce70482/src/flopscope/_pointwise.py#L567
logaddexp,numpy,charged,counted_binary,,16.0,illegal,operands,"(1000,)+(1000,)",1000,2000,16000,16000,32000,raises,—,log(exp(x1) + exp(x2)) element-wise. Complex-illegal: numpy raises TypeError on complex input.,,https://github.com/AIcrowd/flopscope/blob/eb4e6ccf3675c9fe481b59e20a13f4f97ce70482/src/flopscope/_registry.py#L597,https://github.com/AIcrowd/flopscope/blob/eb4e6ccf3675c9fe481b59e20a13f4f97ce70482/src/flopscope/_pointwise.py#L567
logaddexp2,numpy,charged,counted_binary,,16.0,illegal,operands,"(1000,)+(1000,)",1000,2000,16000,16000,32000,raises,—,log2(2**x1 + 2**x2) element-wise. Complex-illegal: numpy raises TypeError on complex input.,,https://github.com/AIcrowd/flopscope/blob/eb4e6ccf3675c9fe481b59e20a13f4f97ce70482/src/flopscope/_registry.py#L603,https://github.com/AIcrowd/flopscope/blob/eb4e6ccf3675c9fe481b59e20a13f4f97ce70482/src/flopscope/_pointwise.py#L567
arctan2,numpy,charged,counted_binary,,16.0,illegal,operands,"(1000,)+(1000,)",1000,2000,16000,16000,32000,raises,—,Element-wise arctan(y/x) considering quadrant. Complex-illegal: numpy raises TypeError on complex input (quadrant is ill-defined for complex).,,https://github.com/AIcrowd/flopscope/blob/eb4e6ccf3675c9fe481b59e20a13f4f97ce70482/src/flopscope/_registry.py#L609,https://github.com/AIcrowd/flopscope/blob/eb4e6ccf3675c9fe481b59e20a13f4f97ce70482/src/flopscope/_pointwise.py#L567
atan2,numpy,charged,counted_binary,,16.0,illegal,operands,"(1000,)+(1000,)",1000,2000,16000,16000,32000,raises,—,Alias for arctan2 (NumPy 2.x). Complex-illegal: numpy raises TypeError on complex input.,,https://github.com/AIcrowd/flopscope/blob/eb4e6ccf3675c9fe481b59e20a13f4f97ce70482/src/flopscope/_registry.py#L615,https://github.com/AIcrowd/flopscope/blob/eb4e6ccf3675c9fe481b59e20a13f4f97ce70482/src/flopscope/_pointwise.py#L567
hypot,numpy,charged,counted_binary,,16.0,illegal,operands,"(1000,)+(1000,)",1000,2000,16000,16000,32000,raises,—,Element-wise Euclidean norm sqrt(x1^2 + x2^2). Complex-illegal: numpy raises TypeError on complex input.,,https://github.com/AIcrowd/flopscope/blob/eb4e6ccf3675c9fe481b59e20a13f4f97ce70482/src/flopscope/_registry.py#L621,https://github.com/AIcrowd/flopscope/blob/eb4e6ccf3675c9fe481b59e20a13f4f97ce70482/src/flopscope/_pointwise.py#L567
copysign,numpy,charged,counted_binary,,1.0,illegal,operands,"(1000,)+(1000,)",1000,2000,1000,1000,2000,raises,—,Copy sign of x2 to magnitude of x1 element-wise. Complex-illegal: numpy raises TypeError on complex input.,,https://github.com/AIcrowd/flopscope/blob/eb4e6ccf3675c9fe481b59e20a13f4f97ce70482/src/flopscope/_registry.py#L627,https://github.com/AIcrowd/flopscope/blob/eb4e6ccf3675c9fe481b59e20a13f4f97ce70482/src/flopscope/_pointwise.py#L567
nextafter,numpy,charged,counted_binary,,1.0,illegal,operands,"(1000,)+(1000,)",1000,2000,1000,1000,2000,raises,—,Return next float after x1 toward x2 element-wise. Complex-illegal: numpy raises TypeError on complex input.,,https://github.com/AIcrowd/flopscope/blob/eb4e6ccf3675c9fe481b59e20a13f4f97ce70482/src/flopscope/_registry.py#L633,https://github.com/AIcrowd/flopscope/blob/eb4e6ccf3675c9fe481b59e20a13f4f97ce70482/src/flopscope/_pointwise.py#L567
ldexp,numpy,charged,counted_binary,,1.0,illegal,operands,"(1000,)+(1000,)",,,,,,,—,Return x1 * 2**x2 element-wise. Complex-illegal: numpy raises TypeError on complex input.,,https://github.com/AIcrowd/flopscope/blob/eb4e6ccf3675c9fe481b59e20a13f4f97ce70482/src/flopscope/_registry.py#L639,
heaviside,numpy,charged,counted_binary,,1.0,illegal,operands,"(1000,)+(1000,)",1000,2000,1000,1000,2000,raises,—,Heaviside step function element-wise. Complex-illegal: numpy raises TypeError on complex input.,,https://github.com/AIcrowd/flopscope/blob/eb4e6ccf3675c9fe481b59e20a13f4f97ce70482/src/flopscope/_registry.py#L645,https://github.com/AIcrowd/flopscope/blob/eb4e6ccf3675c9fe481b59e20a13f4f97ce70482/src/flopscope/_pointwise.py#L567
greater,numpy,charged,counted_binary,,1.0,2.0,operands,"(1000,)+(1000,)",1000,2000,1000,1000,2000,4000,4.0,"Element-wise x1 > x2. Complex factor derived: numpy performs lexicographic (real, imag) comparison on complex arrays rather than raising, same tier as equal/not_equal.",,https://github.com/AIcrowd/flopscope/blob/eb4e6ccf3675c9fe481b59e20a13f4f97ce70482/src/flopscope/_registry.py#L651,https://github.com/AIcrowd/flopscope/blob/eb4e6ccf3675c9fe481b59e20a13f4f97ce70482/src/flopscope/_pointwise.py#L567
greater_equal,numpy,charged,counted_binary,,1.0,2.0,operands,"(1000,)+(1000,)",1000,2000,1000,1000,2000,4000,4.0,"Element-wise x1 >= x2. Complex factor derived: lexicographic comparison, same tier as equal/not_equal.",,https://github.com/AIcrowd/flopscope/blob/eb4e6ccf3675c9fe481b59e20a13f4f97ce70482/src/flopscope/_registry.py#L657,https://github.com/AIcrowd/flopscope/blob/eb4e6ccf3675c9fe481b59e20a13f4f97ce70482/src/flopscope/_pointwise.py#L567
less,numpy,charged,counted_binary,,1.0,2.0,operands,"(1000,)+(1000,)",1000,2000,1000,1000,2000,4000,4.0,"Element-wise x1 < x2. Complex factor derived: lexicographic comparison, same tier as equal/not_equal.",,https://github.com/AIcrowd/flopscope/blob/eb4e6ccf3675c9fe481b59e20a13f4f97ce70482/src/flopscope/_registry.py#L663,https://github.com/AIcrowd/flopscope/blob/eb4e6ccf3675c9fe481b59e20a13f4f97ce70482/src/flopscope/_pointwise.py#L567
less_equal,numpy,charged,counted_binary,,1.0,2.0,operands,"(1000,)+(1000,)",1000,2000,1000,1000,2000,4000,4.0,"Element-wise x1 <= x2. Complex factor derived: lexicographic comparison, same tier as equal/not_equal.",,https://github.com/AIcrowd/flopscope/blob/eb4e6ccf3675c9fe481b59e20a13f4f97ce70482/src/flopscope/_registry.py#L669,https://github.com/AIcrowd/flopscope/blob/eb4e6ccf3675c9fe481b59e20a13f4f97ce70482/src/flopscope/_pointwise.py#L567
equal,numpy,charged,counted_binary,,1.0,2.0,operands,"(1000,)+(1000,)",1000,2000,1000,1000,2000,4000,4.0,Element-wise x1 == x2.,,https://github.com/AIcrowd/flopscope/blob/eb4e6ccf3675c9fe481b59e20a13f4f97ce70482/src/flopscope/_registry.py#L675,https://github.com/AIcrowd/flopscope/blob/eb4e6ccf3675c9fe481b59e20a13f4f97ce70482/src/flopscope/_pointwise.py#L567
not_equal,numpy,charged,counted_binary,,1.0,2.0,operands,"(1000,)+(1000,)",1000,2000,1000,1000,2000,4000,4.0,Element-wise x1 != x2.,,https://github.com/AIcrowd/flopscope/blob/eb4e6ccf3675c9fe481b59e20a13f4f97ce70482/src/flopscope/_registry.py#L681,https://github.com/AIcrowd/flopscope/blob/eb4e6ccf3675c9fe481b59e20a13f4f97ce70482/src/flopscope/_pointwise.py#L567
logical_and,numpy,charged,counted_binary,,1.0,2.0,operands,"(1000,)+(1000,)",1000,2000,1000,1000,2000,4000,4.0,Element-wise logical AND.,,https://github.com/AIcrowd/flopscope/blob/eb4e6ccf3675c9fe481b59e20a13f4f97ce70482/src/flopscope/_registry.py#L687,https://github.com/AIcrowd/flopscope/blob/eb4e6ccf3675c9fe481b59e20a13f4f97ce70482/src/flopscope/_pointwise.py#L567
logical_or,numpy,charged,counted_binary,,1.0,2.0,operands,"(1000,)+(1000,)",1000,2000,1000,1000,2000,4000,4.0,Element-wise logical OR.,,https://github.com/AIcrowd/flopscope/blob/eb4e6ccf3675c9fe481b59e20a13f4f97ce70482/src/flopscope/_registry.py#L693,https://github.com/AIcrowd/flopscope/blob/eb4e6ccf3675c9fe481b59e20a13f4f97ce70482/src/flopscope/_pointwise.py#L567
logical_xor,numpy,charged,counted_binary,,1.0,2.0,operands,"(1000,)+(1000,)",1000,2000,1000,1000,2000,4000,4.0,Element-wise logical XOR.,,https://github.com/AIcrowd/flopscope/blob/eb4e6ccf3675c9fe481b59e20a13f4f97ce70482/src/flopscope/_registry.py#L699,https://github.com/AIcrowd/flopscope/blob/eb4e6ccf3675c9fe481b59e20a13f4f97ce70482/src/flopscope/_pointwise.py#L567
bitwise_and,numpy,charged,counted_binary,,1.0,illegal,operands,"(1000,)+(1000,)",,,,,,,—,Element-wise bitwise AND. Complex-illegal: numpy raises TypeError on complex input.,,https://github.com/AIcrowd/flopscope/blob/eb4e6ccf3675c9fe481b59e20a13f4f97ce70482/src/flopscope/_registry.py#L705,
bitwise_or,numpy,charged,counted_binary,,1.0,illegal,operands,"(1000,)+(1000,)",,,,,,,—,Element-wise bitwise OR. Complex-illegal: numpy raises TypeError on complex input.,,https://github.com/AIcrowd/flopscope/blob/eb4e6ccf3675c9fe481b59e20a13f4f97ce70482/src/flopscope/_registry.py#L711,
bitwise_xor,numpy,charged,counted_binary,,1.0,illegal,operands,"(1000,)+(1000,)",,,,,,,—,Element-wise bitwise XOR. Complex-illegal: numpy raises TypeError on complex input.,,https://github.com/AIcrowd/flopscope/blob/eb4e6ccf3675c9fe481b59e20a13f4f97ce70482/src/flopscope/_registry.py#L717,
bitwise_left_shift,numpy,charged,counted_binary,,1.0,illegal,operands,"(1000,)+(1000,)",,,,,,,—,Element-wise left bit shift. Complex-illegal: numpy raises TypeError on complex input.,,https://github.com/AIcrowd/flopscope/blob/eb4e6ccf3675c9fe481b59e20a13f4f97ce70482/src/flopscope/_registry.py#L723,
bitwise_right_shift,numpy,charged,counted_binary,,1.0,illegal,operands,"(1000,)+(1000,)",,,,,,,—,Element-wise right bit shift. Complex-illegal: numpy raises TypeError on complex input.,,https://github.com/AIcrowd/flopscope/blob/eb4e6ccf3675c9fe481b59e20a13f4f97ce70482/src/flopscope/_registry.py#L729,
left_shift,numpy,charged,counted_binary,,1.0,illegal,operands,"(1000,)+(1000,)",,,,,,,—,Element-wise left bit shift (legacy name). Complex-illegal: numpy raises TypeError on complex input.,,https://github.com/AIcrowd/flopscope/blob/eb4e6ccf3675c9fe481b59e20a13f4f97ce70482/src/flopscope/_registry.py#L735,
right_shift,numpy,charged,counted_binary,,1.0,illegal,operands,"(1000,)+(1000,)",,,,,,,—,Element-wise right bit shift (legacy name). Complex-illegal: numpy raises TypeError on complex input.,,https://github.com/AIcrowd/flopscope/blob/eb4e6ccf3675c9fe481b59e20a13f4f97ce70482/src/flopscope/_registry.py#L741,
gcd,numpy,charged,counted_binary,,16.0,illegal,operands,"(1000,)+(1000,)",,,,,,,—,Element-wise greatest common divisor. Complex-illegal: numpy raises TypeError on complex input (integer only).,,https://github.com/AIcrowd/flopscope/blob/eb4e6ccf3675c9fe481b59e20a13f4f97ce70482/src/flopscope/_registry.py#L747,
lcm,numpy,charged,counted_binary,,16.0,illegal,operands,"(1000,)+(1000,)",,,,,,,—,Element-wise least common multiple. Complex-illegal: numpy raises TypeError on complex input (integer only).,,https://github.com/AIcrowd/flopscope/blob/eb4e6ccf3675c9fe481b59e20a13f4f97ce70482/src/flopscope/_registry.py#L753,
divmod,numpy,charged,counted_binary,,16.0,illegal,operands,"(1000,)+(1000,)",1000,2000,16000,16000,32000,raises,—,"Element-wise (quotient, remainder) tuple. Complex-illegal: numpy raises TypeError on complex input.",,https://github.com/AIcrowd/flopscope/blob/eb4e6ccf3675c9fe481b59e20a13f4f97ce70482/src/flopscope/_registry.py#L759,https://github.com/AIcrowd/flopscope/blob/eb4e6ccf3675c9fe481b59e20a13f4f97ce70482/src/flopscope/_pointwise.py#L661
vecdot,numpy,charged,counted_binary,,1.0,exact,operands,"(1000,)+(1000,)",1999,3999,1999,1999,3998,15996,8.0,Vector dot product along last axis. Einsum-accumulation family; cost computed exactly per-call.,2.1..,https://github.com/AIcrowd/flopscope/blob/eb4e6ccf3675c9fe481b59e20a13f4f97ce70482/src/flopscope/_registry.py#L765,https://github.com/AIcrowd/flopscope/blob/eb4e6ccf3675c9fe481b59e20a13f4f97ce70482/src/flopscope/_pointwise.py#L2418
matvec,numpy,charged,counted_binary,,1.0,exact,operands,"(1000,)+(1000,)",,,,,,,—,Matrix-vector product. Cost = output_size * contracted_axis. Einsum-accumulation family; cost computed exactly per-call.,2.2..,https://github.com/AIcrowd/flopscope/blob/eb4e6ccf3675c9fe481b59e20a13f4f97ce70482/src/flopscope/_registry.py#L772,
vecmat,numpy,charged,counted_binary,,1.0,exact,operands,"(1000,)+(1000,)",,,,,,,—,Vector-matrix product. Cost = output_size * contracted_axis. Einsum-accumulation family; cost computed exactly per-call.,2.2..,https://github.com/AIcrowd/flopscope/blob/eb4e6ccf3675c9fe481b59e20a13f4f97ce70482/src/flopscope/_registry.py#L779,
sum,numpy,charged,counted_reduction,,1.0,2.0,operands/accumulator,"reduce (1000,)",999,1999,1998,999,1998,3996,4.0,Sum of array elements.,,https://github.com/AIcrowd/flopscope/blob/eb4e6ccf3675c9fe481b59e20a13f4f97ce70482/src/flopscope/_registry.py#L789,https://github.com/AIcrowd/flopscope/blob/eb4e6ccf3675c9fe481b59e20a13f4f97ce70482/src/flopscope/_pointwise.py#L1063
prod,numpy,charged,counted_reduction,,1.0,6.0,operands/accumulator,"reduce (1000,)",999,1999,1998,999,1998,11988,12.0,Product of array elements.,,https://github.com/AIcrowd/flopscope/blob/eb4e6ccf3675c9fe481b59e20a13f4f97ce70482/src/flopscope/_registry.py#L795,https://github.com/AIcrowd/flopscope/blob/eb4e6ccf3675c9fe481b59e20a13f4f97ce70482/src/flopscope/_pointwise.py#L1063
max,numpy,charged,counted_reduction,,1.0,2.0,operands/accumulator,"reduce (1000,)",999,1999,999,999,1998,3996,4.0,Maximum value of array.,,https://github.com/AIcrowd/flopscope/blob/eb4e6ccf3675c9fe481b59e20a13f4f97ce70482/src/flopscope/_registry.py#L801,https://github.com/AIcrowd/flopscope/blob/eb4e6ccf3675c9fe481b59e20a13f4f97ce70482/src/flopscope/_pointwise.py#L1063
min,numpy,charged,counted_reduction,,1.0,2.0,operands/accumulator,"reduce (1000,)",999,1999,999,999,1998,3996,4.0,Minimum value of array.,,https://github.com/AIcrowd/flopscope/blob/eb4e6ccf3675c9fe481b59e20a13f4f97ce70482/src/flopscope/_registry.py#L807,https://github.com/AIcrowd/flopscope/blob/eb4e6ccf3675c9fe481b59e20a13f4f97ce70482/src/flopscope/_pointwise.py#L1063
amax,numpy,charged,counted_reduction,,1.0,2.0,operands/accumulator,"reduce (1000,)",999,1999,999,999,1998,3996,4.0,Maximum value of array (alias for max/numpy.amax).,,https://github.com/AIcrowd/flopscope/blob/eb4e6ccf3675c9fe481b59e20a13f4f97ce70482/src/flopscope/_registry.py#L813,https://github.com/AIcrowd/flopscope/blob/eb4e6ccf3675c9fe481b59e20a13f4f97ce70482/src/flopscope/_pointwise.py#L1063
amin,numpy,charged,counted_reduction,,1.0,2.0,operands/accumulator,"reduce (1000,)",999,1999,999,999,1998,3996,4.0,Minimum value of array (alias for min/numpy.amin).,,https://github.com/AIcrowd/flopscope/blob/eb4e6ccf3675c9fe481b59e20a13f4f97ce70482/src/flopscope/_registry.py#L819,https://github.com/AIcrowd/flopscope/blob/eb4e6ccf3675c9fe481b59e20a13f4f97ce70482/src/flopscope/_pointwise.py#L1063
mean,numpy,charged,counted_reduction,,1.0,2.0,operands/accumulator,"reduce (1000,)",1000,2000,2000,1000,2000,4000,4.0,Arithmetic mean of array elements.,,https://github.com/AIcrowd/flopscope/blob/eb4e6ccf3675c9fe481b59e20a13f4f97ce70482/src/flopscope/_registry.py#L825,https://github.com/AIcrowd/flopscope/blob/eb4e6ccf3675c9fe481b59e20a13f4f97ce70482/src/flopscope/_pointwise.py#L1656
std,numpy,charged,counted_reduction,,1.0,2.5,operands/accumulator,"reduce (1000,)",4001,8001,8002,4001,8002,20005,5.0,Standard deviation; cost_multiplier=2 (two passes).,,https://github.com/AIcrowd/flopscope/blob/eb4e6ccf3675c9fe481b59e20a13f4f97ce70482/src/flopscope/_registry.py#L831,https://github.com/AIcrowd/flopscope/blob/eb4e6ccf3675c9fe481b59e20a13f4f97ce70482/src/flopscope/_pointwise.py#L1737
var,numpy,charged,counted_reduction,,1.0,2.5,operands/accumulator,"reduce (1000,)",4000,8000,8000,4000,8000,20000,5.0,Variance; cost_multiplier=2 (two passes).,,https://github.com/AIcrowd/flopscope/blob/eb4e6ccf3675c9fe481b59e20a13f4f97ce70482/src/flopscope/_registry.py#L837,https://github.com/AIcrowd/flopscope/blob/eb4e6ccf3675c9fe481b59e20a13f4f97ce70482/src/flopscope/_pointwise.py#L1737
argmax,numpy,charged,counted_reduction,,1.0,2.0,operands/accumulator,"reduce (1000,)",999,1999,999,999,1998,3996,4.0,Index of maximum value.,,https://github.com/AIcrowd/flopscope/blob/eb4e6ccf3675c9fe481b59e20a13f4f97ce70482/src/flopscope/_registry.py#L843,https://github.com/AIcrowd/flopscope/blob/eb4e6ccf3675c9fe481b59e20a13f4f97ce70482/src/flopscope/_pointwise.py#L1063
argmin,numpy,charged,counted_reduction,,1.0,2.0,operands/accumulator,"reduce (1000,)",999,1999,999,999,1998,3996,4.0,Index of minimum value.,,https://github.com/AIcrowd/flopscope/blob/eb4e6ccf3675c9fe481b59e20a13f4f97ce70482/src/flopscope/_registry.py#L849,https://github.com/AIcrowd/flopscope/blob/eb4e6ccf3675c9fe481b59e20a13f4f97ce70482/src/flopscope/_pointwise.py#L1063
cumsum,numpy,charged,counted_reduction,,1.0,2.0,operands/accumulator,"reduce (1000,)",999,1999,1998,999,1998,3996,4.0,Cumulative sum of array elements.,,https://github.com/AIcrowd/flopscope/blob/eb4e6ccf3675c9fe481b59e20a13f4f97ce70482/src/flopscope/_registry.py#L855,https://github.com/AIcrowd/flopscope/blob/eb4e6ccf3675c9fe481b59e20a13f4f97ce70482/src/flopscope/_pointwise.py#L1063
cumprod,numpy,charged,counted_reduction,,1.0,6.0,operands/accumulator,"reduce (1000,)",999,1999,1998,999,1998,11988,12.0,Cumulative product of array elements.,,https://github.com/AIcrowd/flopscope/blob/eb4e6ccf3675c9fe481b59e20a13f4f97ce70482/src/flopscope/_registry.py#L861,https://github.com/AIcrowd/flopscope/blob/eb4e6ccf3675c9fe481b59e20a13f4f97ce70482/src/flopscope/_pointwise.py#L1063
any,numpy,charged,counted_reduction,,1.0,2.0,operands/accumulator,"reduce (1000,)",999,1999,999,999,1998,3996,4.0,Test whether any array element is true.,,https://github.com/AIcrowd/flopscope/blob/eb4e6ccf3675c9fe481b59e20a13f4f97ce70482/src/flopscope/_registry.py#L867,https://github.com/AIcrowd/flopscope/blob/eb4e6ccf3675c9fe481b59e20a13f4f97ce70482/src/flopscope/_pointwise.py#L1063
all,numpy,charged,counted_reduction,,1.0,2.0,operands/accumulator,"reduce (1000,)",999,1999,999,999,1998,3996,4.0,Test whether all array elements are true.,,https://github.com/AIcrowd/flopscope/blob/eb4e6ccf3675c9fe481b59e20a13f4f97ce70482/src/flopscope/_registry.py#L873,https://github.com/AIcrowd/flopscope/blob/eb4e6ccf3675c9fe481b59e20a13f4f97ce70482/src/flopscope/_pointwise.py#L1063
count_nonzero,numpy,charged,counted_reduction,,1.0,2.0,operands/accumulator,"reduce (1000,)",1000,2000,1000,1000,2000,4000,4.0,Count non-zero elements.,,https://github.com/AIcrowd/flopscope/blob/eb4e6ccf3675c9fe481b59e20a13f4f97ce70482/src/flopscope/_registry.py#L879,https://github.com/AIcrowd/flopscope/blob/eb4e6ccf3675c9fe481b59e20a13f4f97ce70482/src/flopscope/_pointwise.py#L1883
nansum,numpy,charged,counted_reduction,,1.0,2.0,operands/accumulator,"reduce (1000,)",999,1999,1998,999,1998,3996,4.0,Sum ignoring NaNs.,,https://github.com/AIcrowd/flopscope/blob/eb4e6ccf3675c9fe481b59e20a13f4f97ce70482/src/flopscope/_registry.py#L885,https://github.com/AIcrowd/flopscope/blob/eb4e6ccf3675c9fe481b59e20a13f4f97ce70482/src/flopscope/_pointwise.py#L1063
nanprod,numpy,charged,counted_reduction,,1.0,6.0,operands/accumulator,"reduce (1000,)",999,1999,1998,999,1998,11988,12.0,Product ignoring NaNs.,,https://github.com/AIcrowd/flopscope/blob/eb4e6ccf3675c9fe481b59e20a13f4f97ce70482/src/flopscope/_registry.py#L891,https://github.com/AIcrowd/flopscope/blob/eb4e6ccf3675c9fe481b59e20a13f4f97ce70482/src/flopscope/_pointwise.py#L1063
nanmax,numpy,charged,counted_reduction,,1.0,2.0,operands/accumulator,"reduce (1000,)",999,1999,999,999,1998,3996,4.0,Maximum ignoring NaNs.,,https://github.com/AIcrowd/flopscope/blob/eb4e6ccf3675c9fe481b59e20a13f4f97ce70482/src/flopscope/_registry.py#L897,https://github.com/AIcrowd/flopscope/blob/eb4e6ccf3675c9fe481b59e20a13f4f97ce70482/src/flopscope/_pointwise.py#L1063
nanmin,numpy,charged,counted_reduction,,1.0,2.0,operands/accumulator,"reduce (1000,)",999,1999,999,999,1998,3996,4.0,Minimum ignoring NaNs.,,https://github.com/AIcrowd/flopscope/blob/eb4e6ccf3675c9fe481b59e20a13f4f97ce70482/src/flopscope/_registry.py#L903,https://github.com/AIcrowd/flopscope/blob/eb4e6ccf3675c9fe481b59e20a13f4f97ce70482/src/flopscope/_pointwise.py#L1063
nanmean,numpy,charged,counted_reduction,,1.0,2.0,operands/accumulator,"reduce (1000,)",1000,2000,2000,1000,2000,4000,4.0,Mean ignoring NaNs.,,https://github.com/AIcrowd/flopscope/blob/eb4e6ccf3675c9fe481b59e20a13f4f97ce70482/src/flopscope/_registry.py#L909,https://github.com/AIcrowd/flopscope/blob/eb4e6ccf3675c9fe481b59e20a13f4f97ce70482/src/flopscope/_pointwise.py#L1656
nanstd,numpy,charged,counted_reduction,,1.0,2.5,operands/accumulator,"reduce (1000,)",4001,8001,8002,4001,8002,20005,5.0,Standard deviation ignoring NaNs.,,https://github.com/AIcrowd/flopscope/blob/eb4e6ccf3675c9fe481b59e20a13f4f97ce70482/src/flopscope/_registry.py#L915,https://github.com/AIcrowd/flopscope/blob/eb4e6ccf3675c9fe481b59e20a13f4f97ce70482/src/flopscope/_pointwise.py#L1737
nanvar,numpy,charged,counted_reduction,,1.0,2.5,operands/accumulator,"reduce (1000,)",4000,8000,8000,4000,8000,20000,5.0,Variance ignoring NaNs.,,https://github.com/AIcrowd/flopscope/blob/eb4e6ccf3675c9fe481b59e20a13f4f97ce70482/src/flopscope/_registry.py#L921,https://github.com/AIcrowd/flopscope/blob/eb4e6ccf3675c9fe481b59e20a13f4f97ce70482/src/flopscope/_pointwise.py#L1737
nanargmax,numpy,charged,counted_reduction,,1.0,2.0,operands/accumulator,"reduce (1000,)",999,1999,999,999,1998,3996,4.0,Index of maximum ignoring NaNs.,,https://github.com/AIcrowd/flopscope/blob/eb4e6ccf3675c9fe481b59e20a13f4f97ce70482/src/flopscope/_registry.py#L927,https://github.com/AIcrowd/flopscope/blob/eb4e6ccf3675c9fe481b59e20a13f4f97ce70482/src/flopscope/_pointwise.py#L1063
nanargmin,numpy,charged,counted_reduction,,1.0,2.0,operands/accumulator,"reduce (1000,)",999,1999,999,999,1998,3996,4.0,Index of minimum ignoring NaNs.,,https://github.com/AIcrowd/flopscope/blob/eb4e6ccf3675c9fe481b59e20a13f4f97ce70482/src/flopscope/_registry.py#L933,https://github.com/AIcrowd/flopscope/blob/eb4e6ccf3675c9fe481b59e20a13f4f97ce70482/src/flopscope/_pointwise.py#L1063
nancumsum,numpy,charged,counted_reduction,,1.0,2.0,operands/accumulator,"reduce (1000,)",999,1999,1998,999,1998,3996,4.0,Cumulative sum ignoring NaNs.,,https://github.com/AIcrowd/flopscope/blob/eb4e6ccf3675c9fe481b59e20a13f4f97ce70482/src/flopscope/_registry.py#L939,https://github.com/AIcrowd/flopscope/blob/eb4e6ccf3675c9fe481b59e20a13f4f97ce70482/src/flopscope/_pointwise.py#L1063
nancumprod,numpy,charged,counted_reduction,,1.0,6.0,operands/accumulator,"reduce (1000,)",999,1999,1998,999,1998,11988,12.0,Cumulative product ignoring NaNs. Same multiply-class structure as cumprod/nanprod.,,https://github.com/AIcrowd/flopscope/blob/eb4e6ccf3675c9fe481b59e20a13f4f97ce70482/src/flopscope/_registry.py#L945,https://github.com/AIcrowd/flopscope/blob/eb4e6ccf3675c9fe481b59e20a13f4f97ce70482/src/flopscope/_pointwise.py#L1063
median,numpy,charged,counted_reduction,,1.0,2.0,operands/accumulator,"reduce (1000,)",1000,2000,1000,1000,2000,4000,4.0,Median of array elements (sorts internally).,,https://github.com/AIcrowd/flopscope/blob/eb4e6ccf3675c9fe481b59e20a13f4f97ce70482/src/flopscope/_registry.py#L951,https://github.com/AIcrowd/flopscope/blob/eb4e6ccf3675c9fe481b59e20a13f4f97ce70482/src/flopscope/_pointwise.py#L1977
nanmedian,numpy,charged,counted_reduction,,1.0,2.0,operands/accumulator,"reduce (1000,)",1000,2000,1000,1000,2000,4000,4.0,Median ignoring NaNs.,,https://github.com/AIcrowd/flopscope/blob/eb4e6ccf3675c9fe481b59e20a13f4f97ce70482/src/flopscope/_registry.py#L957,https://github.com/AIcrowd/flopscope/blob/eb4e6ccf3675c9fe481b59e20a13f4f97ce70482/src/flopscope/_pointwise.py#L2047
percentile,numpy,charged,counted_reduction,,1.0,illegal,operands/accumulator,"reduce (1000,)",,,,,,,—,"q-th percentile of array elements. Complex-illegal: numpy explicitly rejects complex input ('a must be an array of real numbers') since interpolation between values requires a total order that complex numbers lack, unlike median's pure selection.",,https://github.com/AIcrowd/flopscope/blob/eb4e6ccf3675c9fe481b59e20a13f4f97ce70482/src/flopscope/_registry.py#L963,
nanpercentile,numpy,charged,counted_reduction,,1.0,illegal,operands/accumulator,"reduce (1000,)",,,,,,,—,"q-th percentile ignoring NaNs. Complex-illegal: numpy explicitly rejects complex input, same as percentile.",,https://github.com/AIcrowd/flopscope/blob/eb4e6ccf3675c9fe481b59e20a13f4f97ce70482/src/flopscope/_registry.py#L969,
quantile,numpy,charged,counted_reduction,,1.0,illegal,operands/accumulator,"reduce (1000,)",,,,,,,—,"q-th quantile of array elements. Complex-illegal: numpy explicitly rejects complex input, same as percentile.",,https://github.com/AIcrowd/flopscope/blob/eb4e6ccf3675c9fe481b59e20a13f4f97ce70482/src/flopscope/_registry.py#L975,
nanquantile,numpy,charged,counted_reduction,,1.0,illegal,operands/accumulator,"reduce (1000,)",,,,,,,—,"q-th quantile ignoring NaNs. Complex-illegal: numpy explicitly rejects complex input, same as percentile.",,https://github.com/AIcrowd/flopscope/blob/eb4e6ccf3675c9fe481b59e20a13f4f97ce70482/src/flopscope/_registry.py#L981,
ptp,numpy,charged,counted_reduction,,1.0,2.0,operands/accumulator,"reduce (1000,)",1999,3999,1999,1999,3998,7996,4.0,"Peak-to-peak (max - min) range of array. Complex factor derived: max/min lexicographic-compare reduction plus one scalar subtract, same tier as min/max.",,https://github.com/AIcrowd/flopscope/blob/eb4e6ccf3675c9fe481b59e20a13f4f97ce70482/src/flopscope/_registry.py#L987,https://github.com/AIcrowd/flopscope/blob/eb4e6ccf3675c9fe481b59e20a13f4f97ce70482/src/flopscope/_pointwise.py#L2344
average,numpy,charged,counted_reduction,,1.0,4.0,operands/accumulator,"reduce (1000,)",1000,2000,1000,1000,2000,8000,8.0,Weighted average of array elements.,,https://github.com/AIcrowd/flopscope/blob/eb4e6ccf3675c9fe481b59e20a13f4f97ce70482/src/flopscope/_registry.py#L993,https://github.com/AIcrowd/flopscope/blob/eb4e6ccf3675c9fe481b59e20a13f4f97ce70482/src/flopscope/_pointwise.py#L1829
cumulative_sum,numpy,charged,counted_reduction,,1.0,2.0,operands/accumulator,"reduce (1000,)",999,1999,1998,999,1998,3996,4.0,Cumulative sum (NumPy 2.x array API).,2.1..,https://github.com/AIcrowd/flopscope/blob/eb4e6ccf3675c9fe481b59e20a13f4f97ce70482/src/flopscope/_registry.py#L999,https://github.com/AIcrowd/flopscope/blob/eb4e6ccf3675c9fe481b59e20a13f4f97ce70482/src/flopscope/_pointwise.py#L1063
cumulative_prod,numpy,charged,counted_reduction,,1.0,6.0,operands/accumulator,"reduce (1000,)",999,1999,1998,999,1998,11988,12.0,Cumulative product (NumPy 2.x array API).,2.1..,https://github.com/AIcrowd/flopscope/blob/eb4e6ccf3675c9fe481b59e20a13f4f97ce70482/src/flopscope/_registry.py#L1006,https://github.com/AIcrowd/flopscope/blob/eb4e6ccf3675c9fe481b59e20a13f4f97ce70482/src/flopscope/_pointwise.py#L1063
dot,numpy,charged,counted_custom,,1.0,exact,operands,(pending curation),,,,,,,—,Dot product; cost = M*K*N (weight-calibrated).,,https://github.com/AIcrowd/flopscope/blob/eb4e6ccf3675c9fe481b59e20a13f4f97ce70482/src/flopscope/_registry.py#L1016,
matmul,numpy,charged,counted_custom,,1.0,exact,operands,"(256,256)@(256,256)",33488896,133955584,33488896,33488896,66977792,268173312,8.0,Matrix multiplication; cost = M*K*N (weight-calibrated).,,https://github.com/AIcrowd/flopscope/blob/eb4e6ccf3675c9fe481b59e20a13f4f97ce70482/src/flopscope/_registry.py#L1022,https://github.com/AIcrowd/flopscope/blob/eb4e6ccf3675c9fe481b59e20a13f4f97ce70482/src/flopscope/_pointwise.py#L2418
einsum,numpy,charged,counted_custom,,1.0,exact,operands,"'ij,jk->ik' (64,64)",520192,1040384,520192,520192,1040384,4177920,8.0,Generalized Einstein summation.,,https://github.com/AIcrowd/flopscope/blob/eb4e6ccf3675c9fe481b59e20a13f4f97ce70482/src/flopscope/_registry.py#L1028,https://github.com/AIcrowd/flopscope/blob/eb4e6ccf3675c9fe481b59e20a13f4f97ce70482/src/flopscope/_einsum.py#L607
einsum_path,numpy,charged,counted_custom,,1.0,1.0,operands,(pending curation),,,,,,,—,Optimize einsum contraction path (no numeric output).,,https://github.com/AIcrowd/flopscope/blob/eb4e6ccf3675c9fe481b59e20a13f4f97ce70482/src/flopscope/_registry.py#L1034,
clip,numpy,charged,counted_custom,,1.0,2.0,operands,(pending curation),,,,,,,—,"Clip array to [a_min, a_max] element-wise.",,https://github.com/AIcrowd/flopscope/blob/eb4e6ccf3675c9fe481b59e20a13f4f97ce70482/src/flopscope/_registry.py#L1040,
inner,numpy,charged,counted_custom,,1.0,exact,operands,(pending curation),,,,,,,—,Inner product; cost = N (weight-calibrated).,,https://github.com/AIcrowd/flopscope/blob/eb4e6ccf3675c9fe481b59e20a13f4f97ce70482/src/flopscope/_registry.py#L1046,
outer,numpy,charged,counted_custom,,1.0,6.0,operands,(pending curation),,,,,,,—,Outer product of two vectors; cost = M*N.,,https://github.com/AIcrowd/flopscope/blob/eb4e6ccf3675c9fe481b59e20a13f4f97ce70482/src/flopscope/_registry.py#L1052,
tensordot,numpy,charged,counted_custom,,1.0,exact,operands,(pending curation),,,,,,,—,Tensor dot product along specified axes.,,https://github.com/AIcrowd/flopscope/blob/eb4e6ccf3675c9fe481b59e20a13f4f97ce70482/src/flopscope/_registry.py#L1058,
vdot,numpy,charged,counted_custom,,1.0,exact,operands,(pending curation),,,,,,,—,Dot product with conjugation; cost = N (weight-calibrated).,,https://github.com/AIcrowd/flopscope/blob/eb4e6ccf3675c9fe481b59e20a13f4f97ce70482/src/flopscope/_registry.py#L1064,
kron,numpy,charged,counted_custom,,1.0,6.0,operands,(pending curation),,,,,,,—,Kronecker product; cost proportional to output size.,,https://github.com/AIcrowd/flopscope/blob/eb4e6ccf3675c9fe481b59e20a13f4f97ce70482/src/flopscope/_registry.py#L1070,
cross,numpy,charged,counted_custom,,1.0,4.7,operands,(pending curation),,,,,,,—,"Cross product of two 3-D vectors. Complex factor 4.7: base cost 3*numel (2 mul + 1 sub per component, non-FMA); honest complex (2*6 + 1*2)/3 = 4.67.",,https://github.com/AIcrowd/flopscope/blob/eb4e6ccf3675c9fe481b59e20a13f4f97ce70482/src/flopscope/_registry.py#L1076,
diff,numpy,charged,counted_custom,,1.0,2.0,operands,(pending curation),,,,,,,—,n-th discrete difference along axis.,,https://github.com/AIcrowd/flopscope/blob/eb4e6ccf3675c9fe481b59e20a13f4f97ce70482/src/flopscope/_registry.py#L1082,
gradient,numpy,charged,counted_custom,,1.0,2.0,operands,(pending curation),,,,,,,—,Gradient using central differences.,,https://github.com/AIcrowd/flopscope/blob/eb4e6ccf3675c9fe481b59e20a13f4f97ce70482/src/flopscope/_registry.py#L1088,
ediff1d,numpy,charged,counted_custom,,1.0,2.0,operands,(pending curation),,,,,,,—,Differences between consecutive elements.,,https://github.com/AIcrowd/flopscope/blob/eb4e6ccf3675c9fe481b59e20a13f4f97ce70482/src/flopscope/_registry.py#L1094,
convolve,numpy,charged,counted_custom,,1.0,4.0,operands,(pending curation),,,,,,,—,1-D discrete convolution.,,https://github.com/AIcrowd/flopscope/blob/eb4e6ccf3675c9fe481b59e20a13f4f97ce70482/src/flopscope/_registry.py#L1100,
correlate,numpy,charged,counted_custom,,1.0,4.0,operands,(pending curation),,,,,,,—,1-D cross-correlation.,,https://github.com/AIcrowd/flopscope/blob/eb4e6ccf3675c9fe481b59e20a13f4f97ce70482/src/flopscope/_registry.py#L1106,
corrcoef,numpy,charged,counted_custom,,1.0,4.0,operands,(pending curation),,,,,,,—,Pearson correlation coefficients.,,https://github.com/AIcrowd/flopscope/blob/eb4e6ccf3675c9fe481b59e20a13f4f97ce70482/src/flopscope/_registry.py#L1112,
cov,numpy,charged,counted_custom,,1.0,4.0,operands,(pending curation),,,,,,,—,Covariance matrix.,,https://github.com/AIcrowd/flopscope/blob/eb4e6ccf3675c9fe481b59e20a13f4f97ce70482/src/flopscope/_registry.py#L1118,
trapezoid,numpy,charged,counted_custom,,1.0,2.0,operands,(pending curation),,,,,,,—,Integrate using the trapezoidal rule.,,https://github.com/AIcrowd/flopscope/blob/eb4e6ccf3675c9fe481b59e20a13f4f97ce70482/src/flopscope/_registry.py#L1124,
trapz,numpy,charged,counted_custom,,1.0,2.0,operands,(pending curation),,,,,,,—,Alias for trapezoid (deprecated). Removed in numpy 2.4; use `trapezoid` instead.,..2.4,https://github.com/AIcrowd/flopscope/blob/eb4e6ccf3675c9fe481b59e20a13f4f97ce70482/src/flopscope/_registry.py#L1130,
interp,numpy,charged,counted_custom,,1.0,3.0,operands,(pending curation),,,,,,,—,1-D linear interpolation.,,https://github.com/AIcrowd/flopscope/blob/eb4e6ccf3675c9fe481b59e20a13f4f97ce70482/src/flopscope/_registry.py#L1137,
linalg.svd,linalg,charged,counted_custom,,1.0,4.0,operands,"(64,64)",6815744,9961472,6815744,6815744,13631488,54525952,8.0,"Singular value decomposition. Cost: $4a^2b+22b^3$ (full U, full_matrices=True and m!=n), $6ab^2+20b^3$ (thin U/V), or $2ab^2+2b^3$ (values-only); a=max(m,n), b=min(m,n). Top-k (1<=k<min(m,n)) bills min(4mnk, economy) (verified randomized-SVD leading cost; see cost-model.md). Confirmed by the 2026-06 evidence audit (LAPACK dgesdd + G&VL 4e §8.6).",,https://github.com/AIcrowd/flopscope/blob/eb4e6ccf3675c9fe481b59e20a13f4f97ce70482/src/flopscope/_registry.py#L1146,https://github.com/AIcrowd/flopscope/blob/eb4e6ccf3675c9fe481b59e20a13f4f97ce70482/src/flopscope/numpy/linalg/_svd.py#L95
linalg.cholesky,linalg,charged,counted_custom,,1.0,4.0,operands,"(64,64) PSD",87381,699050,87381,87381,174762,699048,8.0,Cholesky decomposition. Cost: $n^3/3$.,,https://github.com/AIcrowd/flopscope/blob/eb4e6ccf3675c9fe481b59e20a13f4f97ce70482/src/flopscope/_registry.py#L1152,https://github.com/AIcrowd/flopscope/blob/eb4e6ccf3675c9fe481b59e20a13f4f97ce70482/src/flopscope/numpy/linalg/_decompositions.py#L51
linalg.cond,linalg,charged,counted_custom,,1.0,4.0,operands,(pending curation),,,,,,,—,"Condition number. Cost: values-only SVD + 1 (p in {None,2,-2}) or $2n^3 + 4n^2 + 1$ (inv-based).",,https://github.com/AIcrowd/flopscope/blob/eb4e6ccf3675c9fe481b59e20a13f4f97ce70482/src/flopscope/_registry.py#L1158,
linalg.cross,linalg,charged,counted_custom,,1.0,4.0,operands,(pending curation),,,,,,,—,Delegates to `fnp.cross` which charges `numel(output)` FLOPs.,,https://github.com/AIcrowd/flopscope/blob/eb4e6ccf3675c9fe481b59e20a13f4f97ce70482/src/flopscope/_registry.py#L1164,
linalg.det,linalg,charged,counted_custom,,1.0,4.0,operands,(pending curation),,,,,,,—,Determinant. Cost: $\frac{2}{3}n^3 + n$.,,https://github.com/AIcrowd/flopscope/blob/eb4e6ccf3675c9fe481b59e20a13f4f97ce70482/src/flopscope/_registry.py#L1170,
linalg.diagonal,linalg,free,free,,0.0,,neutral,,0,,,,,,—,View of diagonal — delegates to flopscope.diagonal. Cost: 0 FLOPs.,,https://github.com/AIcrowd/flopscope/blob/eb4e6ccf3675c9fe481b59e20a13f4f97ce70482/src/flopscope/_registry.py#L1176,
linalg.eig,linalg,charged,counted_custom,,1.0,4.0,operands,(pending curation),,,,,,,—,Eigendecomposition. Cost: ~$25n^3$. Confirmed by the 2026-06 evidence audit (LAPACK Users' Guide Table 3.13 / G&VL 4e §7.5).,,https://github.com/AIcrowd/flopscope/blob/eb4e6ccf3675c9fe481b59e20a13f4f97ce70482/src/flopscope/_registry.py#L1181,
linalg.eigh,linalg,charged,counted_custom,,1.0,4.0,operands,(pending curation),,,,,,,—,Symmetric eigendecomposition. Cost: ~$9n^3$. Confirmed by the 2026-06 evidence audit (LAPACK Users' Guide Table 3.13 / G&VL 4e §8.3).,,https://github.com/AIcrowd/flopscope/blob/eb4e6ccf3675c9fe481b59e20a13f4f97ce70482/src/flopscope/_registry.py#L1187,
linalg.eigvals,linalg,charged,counted_custom,,1.0,4.0,operands,(pending curation),,,,,,,—,Eigenvalues only. Cost: ~$10n^3$ (LAPACK Users' Guide Table 3.13 DGEEV values-only = 10.00·N^3 exact). Confirmed by the 2026-06 evidence audit.,,https://github.com/AIcrowd/flopscope/blob/eb4e6ccf3675c9fe481b59e20a13f4f97ce70482/src/flopscope/_registry.py#L1193,
linalg.eigvalsh,linalg,charged,counted_custom,,1.0,4.0,operands,(pending curation),,,,,,,—,"Symmetric eigenvalues. Cost: ~$\frac{4}{3}n^3$ (tridiagonalization, values only; G&VL 4e §8.3). Confirmed by the 2026-06 evidence audit.",,https://github.com/AIcrowd/flopscope/blob/eb4e6ccf3675c9fe481b59e20a13f4f97ce70482/src/flopscope/_registry.py#L1199,
linalg.inv,linalg,charged,counted_custom,,1.0,4.0,operands,(pending curation),,,,,,,—,"Matrix inverse. Cost: $2n^3$, or $n^3/3 + n^3$ for symmetric.",,https://github.com/AIcrowd/flopscope/blob/eb4e6ccf3675c9fe481b59e20a13f4f97ce70482/src/flopscope/_registry.py#L1205,
linalg.lstsq,linalg,charged,counted_custom,,1.0,4.0,operands,(pending curation),,,,,,,—,Least squares. Cost: SVD(with U/V) + back-substitution matmuls (see lstsq_cost).,,https://github.com/AIcrowd/flopscope/blob/eb4e6ccf3675c9fe481b59e20a13f4f97ce70482/src/flopscope/_registry.py#L1211,
linalg.matmul,linalg,charged,counted_custom,,1.0,4.0,operands,(pending curation),,,,,,,—,Delegates to `fnp.matmul` which charges `m*k*n` FLOPs (weight-calibrated).,,https://github.com/AIcrowd/flopscope/blob/eb4e6ccf3675c9fe481b59e20a13f4f97ce70482/src/flopscope/_registry.py#L1217,
linalg.matrix_norm,linalg,charged,counted_custom,,1.0,4.0,operands,(pending curation),,,,,,,—,"Matrix norm. Cost depends on ord: 2*numel for Frobenius/L1/Linf, $2ab^2+2b^3$ for ord=2/-2/nuc (values-only SVD; a=max(m,n), b=min(m,n)); × batch groups (product of dims except last two).",,https://github.com/AIcrowd/flopscope/blob/eb4e6ccf3675c9fe481b59e20a13f4f97ce70482/src/flopscope/_registry.py#L1223,
linalg.matrix_power,linalg,charged,counted_custom,,1.0,4.0,operands,(pending curation),,,,,,,—,Matrix power. Cost: $(\lfloor\log_2 k\rfloor + \text{popcount}(k) - 1) \cdot n^3$ (exponentiation by squaring).,,https://github.com/AIcrowd/flopscope/blob/eb4e6ccf3675c9fe481b59e20a13f4f97ce70482/src/flopscope/_registry.py#L1229,
linalg.matrix_rank,linalg,charged,counted_custom,,1.0,4.0,operands,(pending curation),,,,,,,—,"Matrix rank. Cost: values-only SVD + min(m,n).",,https://github.com/AIcrowd/flopscope/blob/eb4e6ccf3675c9fe481b59e20a13f4f97ce70482/src/flopscope/_registry.py#L1235,
linalg.matrix_transpose,linalg,free,free,,0.0,,neutral,,0,,,,,,—,Transpose view — delegates to flopscope.matrix_transpose. Cost: 0 FLOPs.,,https://github.com/AIcrowd/flopscope/blob/eb4e6ccf3675c9fe481b59e20a13f4f97ce70482/src/flopscope/_registry.py#L1241,
linalg.multi_dot,linalg,charged,counted_custom,,1.0,4.0,operands,(pending curation),,,,,,,—,Chain matmul. Cost: sum of optimal chain matmul_cost steps (CLRS §15.2); each step = 2mkn - mn.,,https://github.com/AIcrowd/flopscope/blob/eb4e6ccf3675c9fe481b59e20a13f4f97ce70482/src/flopscope/_registry.py#L1246,
linalg.norm,linalg,charged,counted_custom,,1.0,4.0,operands,(pending curation),,,,,,,—,"Norm. Cost depends on ord: 2*numel for L1/inf/Frobenius, $2ab^2+2b^3$ for ord=2/-2/nuc (values-only SVD; a=max(m,n), b=min(m,n)); × batch groups (non-reduced dims); axis=None → 1 group.",,https://github.com/AIcrowd/flopscope/blob/eb4e6ccf3675c9fe481b59e20a13f4f97ce70482/src/flopscope/_registry.py#L1252,
linalg.outer,linalg,charged,counted_custom,,1.0,4.0,operands,(pending curation),,,,,,,—,Delegates to `fnp.outer` which charges `m*n` FLOPs.,,https://github.com/AIcrowd/flopscope/blob/eb4e6ccf3675c9fe481b59e20a13f4f97ce70482/src/flopscope/_registry.py#L1258,
linalg.pinv,linalg,charged,counted_custom,,1.0,4.0,operands,(pending curation),,,,,,,—,"Pseudoinverse. Cost: SVD(with U/V) + min(m,n) + n*min(m,n) + matmul (see pinv_cost).",,https://github.com/AIcrowd/flopscope/blob/eb4e6ccf3675c9fe481b59e20a13f4f97ce70482/src/flopscope/_registry.py#L1264,
linalg.qr,linalg,charged,counted_custom,,1.0,4.0,operands,(pending curation),,,,,,,—,"QR decomposition. Cost: $2(2mnk - \frac{2}{3}k^3)$ (reduced/complete) or $2mnk - \frac{2}{3}k^3$ (r/raw), k=min(m,n).",,https://github.com/AIcrowd/flopscope/blob/eb4e6ccf3675c9fe481b59e20a13f4f97ce70482/src/flopscope/_registry.py#L1270,
linalg.slogdet,linalg,charged,counted_custom,,1.0,4.0,operands,(pending curation),,,,,,,—,Sign + log determinant. Cost: $\frac{2}{3}n^3 + 18n$ (LU + sum of log|diag|).,,https://github.com/AIcrowd/flopscope/blob/eb4e6ccf3675c9fe481b59e20a13f4f97ce70482/src/flopscope/_registry.py#L1276,
linalg.solve,linalg,charged,counted_custom,,1.0,4.0,operands,(pending curation),,,,,,,—,Solve Ax=b. Cost: $\frac{2}{3}n^3 + 2n^2 \cdot nrhs$.,,https://github.com/AIcrowd/flopscope/blob/eb4e6ccf3675c9fe481b59e20a13f4f97ce70482/src/flopscope/_registry.py#L1282,
linalg.svdvals,linalg,charged,counted_custom,,1.0,4.0,operands,(pending curation),,,,,,,—,"Singular values only. Cost: $2ab^2+2b^3$ (values-only SVD; a=max(m,n), b=min(m,n)). Top-k (1<=k<min(m,n)) bills min(4mnk, that cost).",,https://github.com/AIcrowd/flopscope/blob/eb4e6ccf3675c9fe481b59e20a13f4f97ce70482/src/flopscope/_registry.py#L1288,
linalg.tensordot,linalg,charged,counted_custom,,1.0,4.0,operands,(pending curation),,,,,,,—,Delegates to `fnp.tensordot` which charges FLOPs based on contraction.,,https://github.com/AIcrowd/flopscope/blob/eb4e6ccf3675c9fe481b59e20a13f4f97ce70482/src/flopscope/_registry.py#L1294,
linalg.tensorinv,linalg,charged,counted_custom,,1.0,4.0,operands,(pending curation),,,,,,,—,"Tensor inverse. Cost: $2n^3$ after reshape, n=prod(leading dims) (delegates to inv).",,https://github.com/AIcrowd/flopscope/blob/eb4e6ccf3675c9fe481b59e20a13f4f97ce70482/src/flopscope/_registry.py#L1300,
linalg.tensorsolve,linalg,charged,counted_custom,,1.0,4.0,operands,(pending curation),,,,,,,—,"Tensor solve. Cost: $\frac{2}{3}n^3 + 2n^2$ after reshape, n=prod(trailing dims) (delegates to solve).",,https://github.com/AIcrowd/flopscope/blob/eb4e6ccf3675c9fe481b59e20a13f4f97ce70482/src/flopscope/_registry.py#L1306,
linalg.trace,linalg,charged,counted_custom,,1.0,4.0,operands,(pending curation),,,,,,,—,"Matrix trace. Cost: min(m,n) × batch (diagonal sum per matrix).",,https://github.com/AIcrowd/flopscope/blob/eb4e6ccf3675c9fe481b59e20a13f4f97ce70482/src/flopscope/_registry.py#L1312,
linalg.vecdot,linalg,charged,counted_custom,,1.0,4.0,operands,(pending curation),,,,,,,—,Delegates to `fnp.vecdot` which charges `2*n` FLOPs.,,https://github.com/AIcrowd/flopscope/blob/eb4e6ccf3675c9fe481b59e20a13f4f97ce70482/src/flopscope/_registry.py#L1318,
linalg.vector_norm,linalg,charged,counted_custom,,1.0,4.0,operands,(pending curation),,,,,,,—,Vector norm. Cost: 2*numel(effective_shape) × batch groups (non-reduced dims); axis=None → 1 group.,,https://github.com/AIcrowd/flopscope/blob/eb4e6ccf3675c9fe481b59e20a13f4f97ce70482/src/flopscope/_registry.py#L1324,
fft.fft,fft,charged,counted_custom,,1.0,1.0,operands,(pending curation),,,,,,,—,1-D complex FFT. Cost: 5*n*ceil(log2(n)) (Cooley-Tukey radix-2; Van Loan 1992 §1.4). Cost formula already counts complex real-FLOPs; priced-in.,,https://github.com/AIcrowd/flopscope/blob/eb4e6ccf3675c9fe481b59e20a13f4f97ce70482/src/flopscope/_registry.py#L1333,
fft.fft2,fft,charged,counted_custom,,1.0,1.0,operands,(pending curation),,,,,,,—,"2-D complex FFT. Cost: 5*N*ceil(log2(N)), N=prod(s) (Cooley-Tukey radix-2; Van Loan 1992 §1.4). Cost formula already counts complex real-FLOPs; priced-in.",,https://github.com/AIcrowd/flopscope/blob/eb4e6ccf3675c9fe481b59e20a13f4f97ce70482/src/flopscope/_registry.py#L1339,
fft.fftn,fft,charged,counted_custom,,1.0,1.0,operands,(pending curation),,,,,,,—,"N-D complex FFT. Cost: 5*N*ceil(log2(N)), N=prod(s) (Cooley-Tukey radix-2; Van Loan 1992 §1.4). Cost formula already counts complex real-FLOPs; priced-in.",,https://github.com/AIcrowd/flopscope/blob/eb4e6ccf3675c9fe481b59e20a13f4f97ce70482/src/flopscope/_registry.py#L1345,
fft.fftfreq,fft,charged,counted_custom,,1.0,1.0,operands,(pending curation),,,,,,,—,FFT sample frequencies; cost = n (index grid scaled by 1/(n*d)). Cost formula already counts complex real-FLOPs; priced-in.,,https://github.com/AIcrowd/flopscope/blob/eb4e6ccf3675c9fe481b59e20a13f4f97ce70482/src/flopscope/_registry.py#L1351,
fft.fftshift,fft,free,free,,0.0,,neutral,,0,,,,,,—,Shift zero-frequency component to center. No arithmetic; index reordering only.,,https://github.com/AIcrowd/flopscope/blob/eb4e6ccf3675c9fe481b59e20a13f4f97ce70482/src/flopscope/_registry.py#L1357,
fft.hfft,fft,charged,counted_custom,,1.0,1.0,operands,(pending curation),,,,,,,—,"FFT of Hermitian-symmetric signal. Cost: 5*(n_out//2)*ceil(log2(n_out)) — numpy implements hfft(a,n) as irfft(conj(a),n) (c2r; Van Loan 1992 §1.4). Cost formula already counts complex real-FLOPs; priced-in.",,https://github.com/AIcrowd/flopscope/blob/eb4e6ccf3675c9fe481b59e20a13f4f97ce70482/src/flopscope/_registry.py#L1362,
fft.ifft,fft,charged,counted_custom,,1.0,1.0,operands,(pending curation),,,,,,,—,Inverse 1-D complex FFT. Cost: 5*n*ceil(log2(n)) (Cooley-Tukey radix-2; Van Loan 1992 §1.4). Cost formula already counts complex real-FLOPs; priced-in.,,https://github.com/AIcrowd/flopscope/blob/eb4e6ccf3675c9fe481b59e20a13f4f97ce70482/src/flopscope/_registry.py#L1368,
fft.ifft2,fft,charged,counted_custom,,1.0,1.0,operands,(pending curation),,,,,,,—,"Inverse 2-D complex FFT. Cost: 5*N*ceil(log2(N)), N=prod(s) (Cooley-Tukey radix-2; Van Loan 1992 §1.4). Cost formula already counts complex real-FLOPs; priced-in.",,https://github.com/AIcrowd/flopscope/blob/eb4e6ccf3675c9fe481b59e20a13f4f97ce70482/src/flopscope/_registry.py#L1374,
fft.ifftn,fft,charged,counted_custom,,1.0,1.0,operands,(pending curation),,,,,,,—,"Inverse N-D complex FFT. Cost: 5*N*ceil(log2(N)), N=prod(s) (Cooley-Tukey radix-2; Van Loan 1992 §1.4). Cost formula already counts complex real-FLOPs; priced-in.",,https://github.com/AIcrowd/flopscope/blob/eb4e6ccf3675c9fe481b59e20a13f4f97ce70482/src/flopscope/_registry.py#L1380,
fft.ifftshift,fft,free,free,,0.0,,neutral,,0,,,,,,—,Inverse of fftshift. No arithmetic; index reordering only.,,https://github.com/AIcrowd/flopscope/blob/eb4e6ccf3675c9fe481b59e20a13f4f97ce70482/src/flopscope/_registry.py#L1386,
fft.ihfft,fft,charged,counted_custom,,1.0,1.0,operands,(pending curation),,,,,,,—,"Inverse FFT of Hermitian signal; numpy computes conj(rfft(a,n)). Cost: 5*(n//2)*ceil(log2(n)) (Cooley-Tukey radix-2; Van Loan 1992 §1.4). Cost formula already counts complex real-FLOPs; priced-in.",,https://github.com/AIcrowd/flopscope/blob/eb4e6ccf3675c9fe481b59e20a13f4f97ce70482/src/flopscope/_registry.py#L1391,
fft.irfft,fft,charged,counted_custom,,1.0,1.0,operands,(pending curation),,,,,,,—,Inverse 1-D real FFT. Cost: 5*(n//2)*ceil(log2(n)) (Cooley-Tukey radix-2; Van Loan 1992 §1.4). Cost formula already counts complex real-FLOPs; priced-in.,,https://github.com/AIcrowd/flopscope/blob/eb4e6ccf3675c9fe481b59e20a13f4f97ce70482/src/flopscope/_registry.py#L1397,
fft.irfft2,fft,charged,counted_custom,,1.0,1.0,operands,(pending curation),,,,,,,—,"Inverse 2-D real FFT. Cost: 5*(N//2)*ceil(log2(N)), N=prod(s) (Cooley-Tukey radix-2; Van Loan 1992 §1.4). Cost formula already counts complex real-FLOPs; priced-in.",,https://github.com/AIcrowd/flopscope/blob/eb4e6ccf3675c9fe481b59e20a13f4f97ce70482/src/flopscope/_registry.py#L1403,
fft.irfftn,fft,charged,counted_custom,,1.0,1.0,operands,(pending curation),,,,,,,—,"Inverse N-D real FFT. Cost: 5*(N//2)*ceil(log2(N)), N=prod(s) (Cooley-Tukey radix-2; Van Loan 1992 §1.4). Cost formula already counts complex real-FLOPs; priced-in.",,https://github.com/AIcrowd/flopscope/blob/eb4e6ccf3675c9fe481b59e20a13f4f97ce70482/src/flopscope/_registry.py#L1409,
fft.rfft,fft,charged,counted_custom,,1.0,1.0,operands,(pending curation),,,,,,,—,1-D real FFT. Cost: 5*(n//2)*ceil(log2(n)) (Cooley-Tukey radix-2; Van Loan 1992 §1.4). Cost formula already counts complex real-FLOPs; priced-in.,,https://github.com/AIcrowd/flopscope/blob/eb4e6ccf3675c9fe481b59e20a13f4f97ce70482/src/flopscope/_registry.py#L1415,
fft.rfft2,fft,charged,counted_custom,,1.0,1.0,operands,(pending curation),,,,,,,—,"2-D real FFT. Cost: 5*(N//2)*ceil(log2(N)), N=prod(s) (Cooley-Tukey radix-2; Van Loan 1992 §1.4). Cost formula already counts complex real-FLOPs; priced-in.",,https://github.com/AIcrowd/flopscope/blob/eb4e6ccf3675c9fe481b59e20a13f4f97ce70482/src/flopscope/_registry.py#L1421,
fft.rfftfreq,fft,charged,counted_custom,,1.0,1.0,operands,(pending curation),,,,,,,—,Real FFT sample frequencies; cost = n//2+1 (index grid scaled by 1/(n*d)). Cost formula already counts complex real-FLOPs; priced-in.,,https://github.com/AIcrowd/flopscope/blob/eb4e6ccf3675c9fe481b59e20a13f4f97ce70482/src/flopscope/_registry.py#L1427,
fft.rfftn,fft,charged,counted_custom,,1.0,1.0,operands,(pending curation),,,,,,,—,"N-D real FFT. Cost: 5*(N//2)*ceil(log2(N)), N=prod(s) (Cooley-Tukey radix-2; Van Loan 1992 §1.4). Cost formula already counts complex real-FLOPs; priced-in.",,https://github.com/AIcrowd/flopscope/blob/eb4e6ccf3675c9fe481b59e20a13f4f97ce70482/src/flopscope/_registry.py#L1433,
array,numpy,charged,counted_custom,,1.0,1.0,operands,(pending curation),,,,,,,—,Create array from data. Cost: numel(input).,,https://github.com/AIcrowd/flopscope/blob/eb4e6ccf3675c9fe481b59e20a13f4f97ce70482/src/flopscope/_registry.py#L1442,
zeros,numpy,free,free,,0.0,,neutral,,0,,,,,,—,Create zero-filled array.,,https://github.com/AIcrowd/flopscope/blob/eb4e6ccf3675c9fe481b59e20a13f4f97ce70482/src/flopscope/_registry.py#L1448,
ones,numpy,free,free,,0.0,,neutral,,0,,,,,,—,Create one-filled array.,,https://github.com/AIcrowd/flopscope/blob/eb4e6ccf3675c9fe481b59e20a13f4f97ce70482/src/flopscope/_registry.py#L1453,
full,numpy,charged,counted_custom,,0.0,1.0,operands,(pending curation),,,,,,,—,Create array filled with scalar value. Cost: num copied.,,https://github.com/AIcrowd/flopscope/blob/eb4e6ccf3675c9fe481b59e20a13f4f97ce70482/src/flopscope/_registry.py#L1458,
eye,numpy,free,free,,0.0,,neutral,,0,,,,,,—,Create identity matrix.,,https://github.com/AIcrowd/flopscope/blob/eb4e6ccf3675c9fe481b59e20a13f4f97ce70482/src/flopscope/_registry.py#L1464,
identity,numpy,free,free,,0.0,,neutral,,0,,,,,,—,Create square identity matrix.,,https://github.com/AIcrowd/flopscope/blob/eb4e6ccf3675c9fe481b59e20a13f4f97ce70482/src/flopscope/_registry.py#L1469,
diag,numpy,charged,counted_custom,,0.0,1.0,operands,(pending curation),,,,,,,—,Extract diagonal or construct diagonal array. Cost: len(diagonal).,,https://github.com/AIcrowd/flopscope/blob/eb4e6ccf3675c9fe481b59e20a13f4f97ce70482/src/flopscope/_registry.py#L1474,
arange,numpy,charged,counted_custom,,1.0,2.0,operands,(pending curation),,,,,,,—,Return evenly spaced values in given interval. Cost: 2*numel(output).,,https://github.com/AIcrowd/flopscope/blob/eb4e6ccf3675c9fe481b59e20a13f4f97ce70482/src/flopscope/_registry.py#L1480,
linspace,numpy,charged,counted_custom,,1.0,2.0,operands,(pending curation),,,,,,,—,Return evenly spaced numbers over interval. Cost: 2*numel(output).,,https://github.com/AIcrowd/flopscope/blob/eb4e6ccf3675c9fe481b59e20a13f4f97ce70482/src/flopscope/_registry.py#L1486,
zeros_like,numpy,free,free,,0.0,,neutral,,0,,,,,,—,Array of zeros with same shape/type as input.,,https://github.com/AIcrowd/flopscope/blob/eb4e6ccf3675c9fe481b59e20a13f4f97ce70482/src/flopscope/_registry.py#L1492,
ones_like,numpy,free,free,,0.0,,neutral,,0,,,,,,—,Array of ones with same shape/type as input.,,https://github.com/AIcrowd/flopscope/blob/eb4e6ccf3675c9fe481b59e20a13f4f97ce70482/src/flopscope/_registry.py#L1497,
full_like,numpy,charged,counted_custom,,0.0,1.0,operands,(pending curation),,,,,,,—,"Array filled with scalar, same shape/type as input. Cost: numel(output).",,https://github.com/AIcrowd/flopscope/blob/eb4e6ccf3675c9fe481b59e20a13f4f97ce70482/src/flopscope/_registry.py#L1502,
empty,numpy,free,free,,0.0,,neutral,,0,,,,,,—,Uninitialized array allocation.,,https://github.com/AIcrowd/flopscope/blob/eb4e6ccf3675c9fe481b59e20a13f4f97ce70482/src/flopscope/_registry.py#L1508,
empty_like,numpy,free,free,,0.0,,neutral,,0,,,,,,—,Uninitialized array with same shape/type as input.,,https://github.com/AIcrowd/flopscope/blob/eb4e6ccf3675c9fe481b59e20a13f4f97ce70482/src/flopscope/_registry.py#L1513,
reshape,numpy,free,free,,0.0,,neutral,,0,,,,,,—,Reshape array without copying.,,https://github.com/AIcrowd/flopscope/blob/eb4e6ccf3675c9fe481b59e20a13f4f97ce70482/src/flopscope/_registry.py#L1518,
transpose,numpy,free,free,,0.0,,neutral,,0,,,,,,—,Permute array dimensions.,,https://github.com/AIcrowd/flopscope/blob/eb4e6ccf3675c9fe481b59e20a13f4f97ce70482/src/flopscope/_registry.py#L1523,
swapaxes,numpy,free,free,,0.0,,neutral,,0,,,,,,—,Interchange two axes of an array.,,https://github.com/AIcrowd/flopscope/blob/eb4e6ccf3675c9fe481b59e20a13f4f97ce70482/src/flopscope/_registry.py#L1528,
moveaxis,numpy,free,free,,0.0,,neutral,,0,,,,,,—,Move axes to new positions.,,https://github.com/AIcrowd/flopscope/blob/eb4e6ccf3675c9fe481b59e20a13f4f97ce70482/src/flopscope/_registry.py#L1533,
concatenate,numpy,charged,counted_custom,,0.0,1.0,operands,(pending curation),,,,,,,—,Join arrays along axis. Cost: numel(output).,,https://github.com/AIcrowd/flopscope/blob/eb4e6ccf3675c9fe481b59e20a13f4f97ce70482/src/flopscope/_registry.py#L1538,
stack,numpy,charged,counted_custom,,0.0,1.0,operands,(pending curation),,,,,,,—,Join arrays along new axis. Cost: numel(output).,,https://github.com/AIcrowd/flopscope/blob/eb4e6ccf3675c9fe481b59e20a13f4f97ce70482/src/flopscope/_registry.py#L1544,
vstack,numpy,charged,counted_custom,,0.0,1.0,operands,(pending curation),,,,,,,—,Stack arrays vertically. Cost: numel(output).,,https://github.com/AIcrowd/flopscope/blob/eb4e6ccf3675c9fe481b59e20a13f4f97ce70482/src/flopscope/_registry.py#L1550,
hstack,numpy,charged,counted_custom,,0.0,1.0,operands,(pending curation),,,,,,,—,Stack arrays horizontally. Cost: numel(output).,,https://github.com/AIcrowd/flopscope/blob/eb4e6ccf3675c9fe481b59e20a13f4f97ce70482/src/flopscope/_registry.py#L1556,
split,numpy,free,free,,0.0,,neutral,,0,,,,,,—,Split array into sub-arrays. Cost: numel(output).,,https://github.com/AIcrowd/flopscope/blob/eb4e6ccf3675c9fe481b59e20a13f4f97ce70482/src/flopscope/_registry.py#L1562,
hsplit,numpy,free,free,,0.0,,neutral,,0,,,,,,—,Split array into columns.,,https://github.com/AIcrowd/flopscope/blob/eb4e6ccf3675c9fe481b59e20a13f4f97ce70482/src/flopscope/_registry.py#L1567,
vsplit,numpy,free,free,,0.0,,neutral,,0,,,,,,—,Split array into rows. Cost: numel(output).,,https://github.com/AIcrowd/flopscope/blob/eb4e6ccf3675c9fe481b59e20a13f4f97ce70482/src/flopscope/_registry.py#L1572,
squeeze,numpy,free,free,,0.0,,neutral,,0,,,,,,—,Remove size-1 dimensions.,,https://github.com/AIcrowd/flopscope/blob/eb4e6ccf3675c9fe481b59e20a13f4f97ce70482/src/flopscope/_registry.py#L1577,
expand_dims,numpy,free,free,,0.0,,neutral,,0,,,,,,—,Insert new size-1 axis.,,https://github.com/AIcrowd/flopscope/blob/eb4e6ccf3675c9fe481b59e20a13f4f97ce70482/src/flopscope/_registry.py#L1582,
ravel,numpy,free,free,,0.0,,neutral,,0,,,,,,—,Return contiguous flattened array. Cost: numel(input).,,https://github.com/AIcrowd/flopscope/blob/eb4e6ccf3675c9fe481b59e20a13f4f97ce70482/src/flopscope/_registry.py#L1587,
copy,numpy,free,free,,0.0,,neutral,,0,,,,,,—,Return array copy.,,https://github.com/AIcrowd/flopscope/blob/eb4e6ccf3675c9fe481b59e20a13f4f97ce70482/src/flopscope/_registry.py#L1592,
where,numpy,charged,counted_custom,,1.0,2.0,operands,(pending curation),,,,,,,—,Select elements based on condition. Cost: numel(input).,,https://github.com/AIcrowd/flopscope/blob/eb4e6ccf3675c9fe481b59e20a13f4f97ce70482/src/flopscope/_registry.py#L1597,
tile,numpy,charged,counted_custom,,0.0,1.0,operands,(pending curation),,,,,,,—,Repeat array by tiling. Cost: numel(output).,,https://github.com/AIcrowd/flopscope/blob/eb4e6ccf3675c9fe481b59e20a13f4f97ce70482/src/flopscope/_registry.py#L1603,
repeat,numpy,charged,counted_custom,,0.0,1.0,operands,(pending curation),,,,,,,—,Repeat elements of an array. Cost: numel(output).,,https://github.com/AIcrowd/flopscope/blob/eb4e6ccf3675c9fe481b59e20a13f4f97ce70482/src/flopscope/_registry.py#L1609,
flip,numpy,free,free,,0.0,,neutral,,0,,,,,,—,Reverse order of elements along axis.,,https://github.com/AIcrowd/flopscope/blob/eb4e6ccf3675c9fe481b59e20a13f4f97ce70482/src/flopscope/_registry.py#L1615,
roll,numpy,charged,counted_custom,,0.0,1.0,operands,(pending curation),,,,,,,—,Roll array elements along axis. Cost: numel(output).,,https://github.com/AIcrowd/flopscope/blob/eb4e6ccf3675c9fe481b59e20a13f4f97ce70482/src/flopscope/_registry.py#L1620,
sort,numpy,charged,counted_custom,,1.0,2.0,operands,(pending curation),,,,,,,—,Comparison sort; cost = n*ceil(log2(n)) per slice.,,https://github.com/AIcrowd/flopscope/blob/eb4e6ccf3675c9fe481b59e20a13f4f97ce70482/src/flopscope/_registry.py#L1626,
argsort,numpy,charged,counted_custom,,1.0,2.0,operands,(pending curation),,,,,,,—,Indirect sort; cost = n*ceil(log2(n)) per slice.,,https://github.com/AIcrowd/flopscope/blob/eb4e6ccf3675c9fe481b59e20a13f4f97ce70482/src/flopscope/_registry.py#L1632,
searchsorted,numpy,charged,counted_custom,,1.0,2.0,operands,(pending curation),,,,,,,—,Binary search; cost = m*ceil(log2(n)).,,https://github.com/AIcrowd/flopscope/blob/eb4e6ccf3675c9fe481b59e20a13f4f97ce70482/src/flopscope/_registry.py#L1638,
unique,numpy,charged,counted_custom,,1.0,2.0,operands,(pending curation),,,,,,,—,"Sort-based unique; cost = n*ceil(log2(n)); with axis=, num_slices*R*ceil(log2(R)) (R = shape[axis], lexicographic row sort).",,https://github.com/AIcrowd/flopscope/blob/eb4e6ccf3675c9fe481b59e20a13f4f97ce70482/src/flopscope/_registry.py#L1644,
pad,numpy,charged,counted_custom,,1.0,2.0,operands,(pending curation),,,,,,,—,"Pad array. Cost: 0 for data-movement modes; reduction cost (maximum/minimum/mean/median) or 2*(numel_out-numel_in) (linear_ramp, reflect_type='odd') for value-computing modes; mode=<callable> raises.",,https://github.com/AIcrowd/flopscope/blob/eb4e6ccf3675c9fe481b59e20a13f4f97ce70482/src/flopscope/_registry.py#L1650,
triu,numpy,charged,counted_custom,,0.0,1.0,operands,(pending curation),,,,,,,—,Upper triangle of array. Cost: numel(output) (masked-select copy).,,https://github.com/AIcrowd/flopscope/blob/eb4e6ccf3675c9fe481b59e20a13f4f97ce70482/src/flopscope/_registry.py#L1656,
tril,numpy,charged,counted_custom,,0.0,1.0,operands,(pending curation),,,,,,,—,Lower triangle of array. Cost: numel(output) (masked-select copy).,,https://github.com/AIcrowd/flopscope/blob/eb4e6ccf3675c9fe481b59e20a13f4f97ce70482/src/flopscope/_registry.py#L1662,
diagonal,numpy,charged,counted_custom,,0.0,1.0,operands,(pending curation),,,,,,,—,Return specified diagonals. Cost: numel(input).,,https://github.com/AIcrowd/flopscope/blob/eb4e6ccf3675c9fe481b59e20a13f4f97ce70482/src/flopscope/_registry.py#L1668,
trace,numpy,charged,counted_custom,,1.0,2.0,operands,(pending curation),,,,,,,—,"Matrix trace. Cost: min(m,n) × batch (diagonal sum per matrix).",,https://github.com/AIcrowd/flopscope/blob/eb4e6ccf3675c9fe481b59e20a13f4f97ce70482/src/flopscope/_registry.py#L1674,
broadcast_to,numpy,free,free,,0.0,,neutral,,0,,,,,,—,Broadcast array to new shape. Cost: numel(output).,,https://github.com/AIcrowd/flopscope/blob/eb4e6ccf3675c9fe481b59e20a13f4f97ce70482/src/flopscope/_registry.py#L1680,
meshgrid,numpy,charged,counted_custom,,0.0,1.0,operands,(pending curation),,,,,,,—,Coordinate matrices from coordinate vectors. Cost: numel(output).,,https://github.com/AIcrowd/flopscope/blob/eb4e6ccf3675c9fe481b59e20a13f4f97ce70482/src/flopscope/_registry.py#L1685,
astype,numpy,free,free,,0.0,,neutral,,0,,,,,,—,Cast array to specified type.,,https://github.com/AIcrowd/flopscope/blob/eb4e6ccf3675c9fe481b59e20a13f4f97ce70482/src/flopscope/_registry.py#L1691,
asarray,numpy,free,free,,0.0,,neutral,,0,,,,,,—,Convert input to array. Cost: numel(input).,,https://github.com/AIcrowd/flopscope/blob/eb4e6ccf3675c9fe481b59e20a13f4f97ce70482/src/flopscope/_registry.py#L1696,
isnan,numpy,charged,counted_custom,,1.0,2.0,operands,(pending curation),,,,,,,—,Test for NaN element-wise. Cost: numel(input).,,https://github.com/AIcrowd/flopscope/blob/eb4e6ccf3675c9fe481b59e20a13f4f97ce70482/src/flopscope/_registry.py#L1701,
isinf,numpy,charged,counted_custom,,1.0,2.0,operands,(pending curation),,,,,,,—,Test for infinity element-wise. Cost: numel(input).,,https://github.com/AIcrowd/flopscope/blob/eb4e6ccf3675c9fe481b59e20a13f4f97ce70482/src/flopscope/_registry.py#L1707,
isfinite,numpy,charged,counted_custom,,1.0,2.0,operands,(pending curation),,,,,,,—,Test for finite values element-wise. Cost: numel(input).,,https://github.com/AIcrowd/flopscope/blob/eb4e6ccf3675c9fe481b59e20a13f4f97ce70482/src/flopscope/_registry.py#L1713,
allclose,numpy,charged,counted_custom,,1.0,2.0,operands,(pending curation),,,,,,,—,Element-wise tolerance check; cost = 7*numel(broadcast) - 1 (6/elem tolerance core + all-reduce).,,https://github.com/AIcrowd/flopscope/blob/eb4e6ccf3675c9fe481b59e20a13f4f97ce70482/src/flopscope/_registry.py#L1719,
rot90,numpy,free,free,,0.0,,neutral,,0,,,,,,—,Rotate array 90 degrees.,,https://github.com/AIcrowd/flopscope/blob/eb4e6ccf3675c9fe481b59e20a13f4f97ce70482/src/flopscope/_registry.py#L1726,
fliplr,numpy,free,free,,0.0,,neutral,,0,,,,,,—,Flip array left-right.,,https://github.com/AIcrowd/flopscope/blob/eb4e6ccf3675c9fe481b59e20a13f4f97ce70482/src/flopscope/_registry.py#L1731,
flipud,numpy,free,free,,0.0,,neutral,,0,,,,,,—,Flip array up-down.,,https://github.com/AIcrowd/flopscope/blob/eb4e6ccf3675c9fe481b59e20a13f4f97ce70482/src/flopscope/_registry.py#L1736,
atleast_1d,numpy,free,free,,0.0,,neutral,,0,,,,,,—,View inputs as arrays with at least one dimension.,,https://github.com/AIcrowd/flopscope/blob/eb4e6ccf3675c9fe481b59e20a13f4f97ce70482/src/flopscope/_registry.py#L1741,
atleast_2d,numpy,free,free,,0.0,,neutral,,0,,,,,,—,View inputs as arrays with at least two dimensions.,,https://github.com/AIcrowd/flopscope/blob/eb4e6ccf3675c9fe481b59e20a13f4f97ce70482/src/flopscope/_registry.py#L1746,
atleast_3d,numpy,free,free,,0.0,,neutral,,0,,,,,,—,View inputs as arrays with at least three dimensions.,,https://github.com/AIcrowd/flopscope/blob/eb4e6ccf3675c9fe481b59e20a13f4f97ce70482/src/flopscope/_registry.py#L1751,
column_stack,numpy,charged,counted_custom,,0.0,1.0,operands,(pending curation),,,,,,,—,Stack 1-D arrays as columns into 2-D array. Cost: numel(output).,,https://github.com/AIcrowd/flopscope/blob/eb4e6ccf3675c9fe481b59e20a13f4f97ce70482/src/flopscope/_registry.py#L1756,
dstack,numpy,charged,counted_custom,,0.0,1.0,operands,(pending curation),,,,,,,—,Stack arrays depth-wise (along third axis). Cost: numel(output).,,https://github.com/AIcrowd/flopscope/blob/eb4e6ccf3675c9fe481b59e20a13f4f97ce70482/src/flopscope/_registry.py#L1762,
row_stack,numpy,charged,counted_custom,,1.0,1.0,operands,(pending curation),,,,,,,—,Stack arrays vertically (alias for vstack). Cost: numel(output).,,https://github.com/AIcrowd/flopscope/blob/eb4e6ccf3675c9fe481b59e20a13f4f97ce70482/src/flopscope/_registry.py#L1768,
flatnonzero,numpy,charged,counted_custom,,1.0,2.0,operands,(pending curation),,,,,,,—,Return indices of non-zero elements in flattened array. Cost: numel(input).,,https://github.com/AIcrowd/flopscope/blob/eb4e6ccf3675c9fe481b59e20a13f4f97ce70482/src/flopscope/_registry.py#L1774,
nonzero,numpy,charged,counted_custom,,1.0,2.0,operands,(pending curation),,,,,,,—,Return indices of non-zero elements. Cost: numel(input).,,https://github.com/AIcrowd/flopscope/blob/eb4e6ccf3675c9fe481b59e20a13f4f97ce70482/src/flopscope/_registry.py#L1780,
argwhere,numpy,charged,counted_custom,,1.0,2.0,operands,(pending curation),,,,,,,—,Find indices of non-zero elements. Cost: numel(input).,,https://github.com/AIcrowd/flopscope/blob/eb4e6ccf3675c9fe481b59e20a13f4f97ce70482/src/flopscope/_registry.py#L1786,
isin,numpy,charged,counted_custom,,1.0,2.0,operands,(pending curation),,,,,,,—,"Set membership; cost = (n+m)*ceil(log2(n+m)) (sort path) or max(sort_cost(n+m), 2*n*m) when numpy's masked-loop path triggers (m < 10*n**0.145 with non-integer dtypes, or object dtype).",,https://github.com/AIcrowd/flopscope/blob/eb4e6ccf3675c9fe481b59e20a13f4f97ce70482/src/flopscope/_registry.py#L1792,
in1d,numpy,charged,counted_custom,,1.0,2.0,operands,(pending curation),,,,,,,—,Set membership; cost = (n+m)*ceil(log2(n+m)). Removed in numpy 2.4; use `isin` instead.,..2.4,https://github.com/AIcrowd/flopscope/blob/eb4e6ccf3675c9fe481b59e20a13f4f97ce70482/src/flopscope/_registry.py#L1798,
select,numpy,charged,counted_custom,,0.0,1.0,operands,(pending curation),,,,,,,—,"Return array from list of choices based on conditions. Cost: numel(output), gather tier ×4.",,https://github.com/AIcrowd/flopscope/blob/eb4e6ccf3675c9fe481b59e20a13f4f97ce70482/src/flopscope/_registry.py#L1805,
extract,numpy,charged,counted_custom,,0.0,1.0,operands,(pending curation),,,,,,,—,Return elements satisfying condition. Cost: numel(input).,,https://github.com/AIcrowd/flopscope/blob/eb4e6ccf3675c9fe481b59e20a13f4f97ce70482/src/flopscope/_registry.py#L1811,
place,numpy,charged,counted_custom,,0.0,1.0,operands,(pending curation),,,,,,,—,Change elements satisfying condition. Cost: numel(input).,,https://github.com/AIcrowd/flopscope/blob/eb4e6ccf3675c9fe481b59e20a13f4f97ce70482/src/flopscope/_registry.py#L1817,
put,numpy,charged,counted_custom,,0.0,1.0,operands,(pending curation),,,,,,,—,Replace elements at given flat indices. Cost: numel(indices).,,https://github.com/AIcrowd/flopscope/blob/eb4e6ccf3675c9fe481b59e20a13f4f97ce70482/src/flopscope/_registry.py#L1823,
put_along_axis,numpy,charged,counted_custom,,0.0,1.0,operands,(pending curation),,,,,,,—,Put values into destination array along axis. Cost: elements scattered = (numel(arr) / arr.shape[axis]) x indices.shape[axis] (indices.size when axis=None); gather tier weight 4.0.,,https://github.com/AIcrowd/flopscope/blob/eb4e6ccf3675c9fe481b59e20a13f4f97ce70482/src/flopscope/_registry.py#L1829,
putmask,numpy,charged,counted_custom,,0.0,1.0,operands,(pending curation),,,,,,,—,Change elements of array based on condition and input values. Cost: numel(input).,,https://github.com/AIcrowd/flopscope/blob/eb4e6ccf3675c9fe481b59e20a13f4f97ce70482/src/flopscope/_registry.py#L1835,
take,numpy,charged,counted_custom,,0.0,1.0,operands,(pending curation),,,,,,,—,Take elements from array along axis. Cost: numel(output).,,https://github.com/AIcrowd/flopscope/blob/eb4e6ccf3675c9fe481b59e20a13f4f97ce70482/src/flopscope/_registry.py#L1841,
take_along_axis,numpy,charged,counted_custom,,0.0,1.0,operands,(pending curation),,,,,,,—,Take values from input array by matching 1-D index. Cost: numel(output).,,https://github.com/AIcrowd/flopscope/blob/eb4e6ccf3675c9fe481b59e20a13f4f97ce70482/src/flopscope/_registry.py#L1847,
choose,numpy,charged,counted_custom,,0.0,1.0,operands,(pending curation),,,,,,,—,Construct array from index array and choices. Cost: numel(output).,,https://github.com/AIcrowd/flopscope/blob/eb4e6ccf3675c9fe481b59e20a13f4f97ce70482/src/flopscope/_registry.py#L1853,
compress,numpy,charged,counted_custom,,0.0,1.0,operands,(pending curation),,,,,,,—,Return selected slices along axis. Cost: numel(input).,,https://github.com/AIcrowd/flopscope/blob/eb4e6ccf3675c9fe481b59e20a13f4f97ce70482/src/flopscope/_registry.py#L1859,
array_equal,numpy,charged,counted_custom,,1.0,2.0,operands,(pending curation),,,,,,,—,Element-wise equality; cost = numel(a).,,https://github.com/AIcrowd/flopscope/blob/eb4e6ccf3675c9fe481b59e20a13f4f97ce70482/src/flopscope/_registry.py#L1865,
array_equiv,numpy,charged,counted_custom,,1.0,2.0,operands,(pending curation),,,,,,,—,Element-wise equivalence; cost = numel(a).,,https://github.com/AIcrowd/flopscope/blob/eb4e6ccf3675c9fe481b59e20a13f4f97ce70482/src/flopscope/_registry.py#L1871,
shape,numpy,free,free,,0.0,,neutral,,0,,,,,,—,Return shape of array.,,https://github.com/AIcrowd/flopscope/blob/eb4e6ccf3675c9fe481b59e20a13f4f97ce70482/src/flopscope/_registry.py#L1877,
size,numpy,free,free,,0.0,,neutral,,0,,,,,,—,Return number of elements in array.,,https://github.com/AIcrowd/flopscope/blob/eb4e6ccf3675c9fe481b59e20a13f4f97ce70482/src/flopscope/_registry.py#L1882,
ndim,numpy,free,free,,0.0,,neutral,,0,,,,,,—,Return number of dimensions of array.,,https://github.com/AIcrowd/flopscope/blob/eb4e6ccf3675c9fe481b59e20a13f4f97ce70482/src/flopscope/_registry.py#L1887,
dsplit,numpy,free,free,,0.0,,neutral,,0,,,,,,—,Split array into multiple sub-arrays depth-wise. Cost: numel(output).,,https://github.com/AIcrowd/flopscope/blob/eb4e6ccf3675c9fe481b59e20a13f4f97ce70482/src/flopscope/_registry.py#L1892,
array_split,numpy,free,free,,0.0,,neutral,,0,,,,,,—,Split array into sub-arrays (possibly unequal). Cost: numel(output).,,https://github.com/AIcrowd/flopscope/blob/eb4e6ccf3675c9fe481b59e20a13f4f97ce70482/src/flopscope/_registry.py#L1897,
trim_zeros,numpy,charged,counted_custom,,1.0,2.0,operands,(pending curation),,,,,,,—,"Trim leading/trailing zeros. Cost: numel(input) (value scan, like nonzero).",,https://github.com/AIcrowd/flopscope/blob/eb4e6ccf3675c9fe481b59e20a13f4f97ce70482/src/flopscope/_registry.py#L1902,
resize,numpy,charged,counted_custom,,0.0,1.0,operands,(pending curation),,,,,,,—,Return new array with given shape by repeating. Cost: numel(output).,,https://github.com/AIcrowd/flopscope/blob/eb4e6ccf3675c9fe481b59e20a13f4f97ce70482/src/flopscope/_registry.py#L1908,
broadcast_shapes,numpy,free,free,,0.0,,neutral,,0,,,,,,—,Compute broadcast shape from input shapes.,,https://github.com/AIcrowd/flopscope/blob/eb4e6ccf3675c9fe481b59e20a13f4f97ce70482/src/flopscope/_registry.py#L1914,
broadcast_arrays,numpy,free,free,,0.0,,neutral,,0,,,,,,—,Broadcast arrays against each other. Cost: numel(output).,,https://github.com/AIcrowd/flopscope/blob/eb4e6ccf3675c9fe481b59e20a13f4f97ce70482/src/flopscope/_registry.py#L1919,
result_type,numpy,free,free,,0.0,,neutral,,0,,,,,,—,Return type that results from applying NumPy type promotion.,,https://github.com/AIcrowd/flopscope/blob/eb4e6ccf3675c9fe481b59e20a13f4f97ce70482/src/flopscope/_registry.py#L1924,
can_cast,numpy,free,free,,0.0,,neutral,,0,,,,,,—,Returns True if cast is safe.,,https://github.com/AIcrowd/flopscope/blob/eb4e6ccf3675c9fe481b59e20a13f4f97ce70482/src/flopscope/_registry.py#L1929,
common_type,numpy,free,free,,0.0,,neutral,,0,,,,,,—,Return scalar type common to all input arrays.,,https://github.com/AIcrowd/flopscope/blob/eb4e6ccf3675c9fe481b59e20a13f4f97ce70482/src/flopscope/_registry.py#L1934,
min_scalar_type,numpy,free,free,,0.0,,neutral,,0,,,,,,—,Return the minimum scalar type for a value.,,https://github.com/AIcrowd/flopscope/blob/eb4e6ccf3675c9fe481b59e20a13f4f97ce70482/src/flopscope/_registry.py#L1939,
promote_types,numpy,free,free,,0.0,,neutral,,0,,,,,,—,Return smallest type to which both types may be safely cast.,,https://github.com/AIcrowd/flopscope/blob/eb4e6ccf3675c9fe481b59e20a13f4f97ce70482/src/flopscope/_registry.py#L1944,
shares_memory,numpy,free,free,,0.0,,neutral,,0,,,,,,—,Determine if two arrays share memory.,,https://github.com/AIcrowd/flopscope/blob/eb4e6ccf3675c9fe481b59e20a13f4f97ce70482/src/flopscope/_registry.py#L1949,
may_share_memory,numpy,free,free,,0.0,,neutral,,0,,,,,,—,Determine if two arrays might share memory.,,https://github.com/AIcrowd/flopscope/blob/eb4e6ccf3675c9fe481b59e20a13f4f97ce70482/src/flopscope/_registry.py#L1954,
packbits,numpy,charged,counted_custom,,1.0,illegal,operands,(pending curation),,,,,,,—,Pack elements of array into bits. Cost: numel(input).,,https://github.com/AIcrowd/flopscope/blob/eb4e6ccf3675c9fe481b59e20a13f4f97ce70482/src/flopscope/_registry.py#L1959,
unpackbits,numpy,charged,counted_custom,,1.0,illegal,operands,(pending curation),,,,,,,—,Unpack elements of array into bits. Cost: numel(input).,,https://github.com/AIcrowd/flopscope/blob/eb4e6ccf3675c9fe481b59e20a13f4f97ce70482/src/flopscope/_registry.py#L1965,
fromfunction,numpy,charged,counted_custom,,1.0,1.0,operands,(pending curation),,,,,,,—,Construct array by executing function over each coordinate. Cost: numel(output).,,https://github.com/AIcrowd/flopscope/blob/eb4e6ccf3675c9fe481b59e20a13f4f97ce70482/src/flopscope/_registry.py#L1971,
fromiter,numpy,charged,counted_custom,,0.0,1.0,operands,(pending curation),,,,,,,—,Create array from an iterable. Cost: numel(output).,,https://github.com/AIcrowd/flopscope/blob/eb4e6ccf3675c9fe481b59e20a13f4f97ce70482/src/flopscope/_registry.py#L1978,
frombuffer,numpy,free,free,,0.0,,neutral,,0,,,,,,—,Interpret buffer as 1-D array. Cost: numel(output).,,https://github.com/AIcrowd/flopscope/blob/eb4e6ccf3675c9fe481b59e20a13f4f97ce70482/src/flopscope/_registry.py#L1985,
fromstring,numpy,blacklisted,blacklisted,,0.0,,neutral,,0,,,,,,—,Create 1-D array from string data. Cost: numel(output).,,https://github.com/AIcrowd/flopscope/blob/eb4e6ccf3675c9fe481b59e20a13f4f97ce70482/src/flopscope/_registry.py#L1990,
fromfile,numpy,blacklisted,blacklisted,,0.0,,neutral,,0,,,,,,—,Construct array from binary/text file. Cost: numel(output).,,https://github.com/AIcrowd/flopscope/blob/eb4e6ccf3675c9fe481b59e20a13f4f97ce70482/src/flopscope/_registry.py#L1995,
fromregex,numpy,blacklisted,blacklisted,,0.0,,neutral,,0,,,,,,—,Construct array from text file using regex. Cost: numel(output).,,https://github.com/AIcrowd/flopscope/blob/eb4e6ccf3675c9fe481b59e20a13f4f97ce70482/src/flopscope/_registry.py#L2000,
from_dlpack,numpy,free,free,,0.0,,neutral,,0,,,,,,—,Create ndarray from DLPack object (zero-copy). Cost: numel(output).,,https://github.com/AIcrowd/flopscope/blob/eb4e6ccf3675c9fe481b59e20a13f4f97ce70482/src/flopscope/_registry.py#L2005,
block,numpy,charged,counted_custom,,0.0,1.0,operands,(pending curation),,,,,,,—,Assemble ndarray from nested list of blocks. Cost: numel(output).,,https://github.com/AIcrowd/flopscope/blob/eb4e6ccf3675c9fe481b59e20a13f4f97ce70482/src/flopscope/_registry.py#L2010,
bmat,numpy,charged,counted_custom,,0.0,1.0,operands,(pending curation),,,,,,,—,Build matrix from nested list of matrices. Cost: numel(output).,,https://github.com/AIcrowd/flopscope/blob/eb4e6ccf3675c9fe481b59e20a13f4f97ce70482/src/flopscope/_registry.py#L2016,
lexsort,numpy,charged,counted_custom,,1.0,2.0,operands,(pending curation),,,,,,,—,Multi-key sort; cost = k keys × num_slices × n·ceil(log2 n).,,https://github.com/AIcrowd/flopscope/blob/eb4e6ccf3675c9fe481b59e20a13f4f97ce70482/src/flopscope/_registry.py#L2022,
partition,numpy,charged,counted_custom,,1.0,2.0,operands,(pending curation),,,,,,,—,Quickselect; cost = n per slice.,,https://github.com/AIcrowd/flopscope/blob/eb4e6ccf3675c9fe481b59e20a13f4f97ce70482/src/flopscope/_registry.py#L2028,
argpartition,numpy,charged,counted_custom,,1.0,2.0,operands,(pending curation),,,,,,,—,Indirect partition; cost = n per slice.,,https://github.com/AIcrowd/flopscope/blob/eb4e6ccf3675c9fe481b59e20a13f4f97ce70482/src/flopscope/_registry.py#L2034,
union1d,numpy,charged,counted_custom,,1.0,2.0,operands,(pending curation),,,,,,,—,Set union; cost = (n+m)*ceil(log2(n+m)).,,https://github.com/AIcrowd/flopscope/blob/eb4e6ccf3675c9fe481b59e20a13f4f97ce70482/src/flopscope/_registry.py#L2040,
intersect1d,numpy,charged,counted_custom,,1.0,2.0,operands,(pending curation),,,,,,,—,Set intersection; cost = (n+m)*ceil(log2(n+m)).,,https://github.com/AIcrowd/flopscope/blob/eb4e6ccf3675c9fe481b59e20a13f4f97ce70482/src/flopscope/_registry.py#L2046,
setdiff1d,numpy,charged,counted_custom,,1.0,2.0,operands,(pending curation),,,,,,,—,Set difference; cost = (n+m)*ceil(log2(n+m)).,,https://github.com/AIcrowd/flopscope/blob/eb4e6ccf3675c9fe481b59e20a13f4f97ce70482/src/flopscope/_registry.py#L2052,
setxor1d,numpy,charged,counted_custom,,1.0,2.0,operands,(pending curation),,,,,,,—,Symmetric set difference; cost = (n+m)*ceil(log2(n+m)).,,https://github.com/AIcrowd/flopscope/blob/eb4e6ccf3675c9fe481b59e20a13f4f97ce70482/src/flopscope/_registry.py#L2058,
histogram,numpy,charged,counted_custom,,1.0,2.0,operands,(pending curation),,,,,,,—,Binning; cost = n*ceil(log2(bins)).,,https://github.com/AIcrowd/flopscope/blob/eb4e6ccf3675c9fe481b59e20a13f4f97ce70482/src/flopscope/_registry.py#L2064,
histogram2d,numpy,charged,counted_custom,,1.0,2.0,operands,(pending curation),,,,,,,—,2D binning; cost = n*(ceil(log2(bx))+ceil(log2(by))).,,https://github.com/AIcrowd/flopscope/blob/eb4e6ccf3675c9fe481b59e20a13f4f97ce70482/src/flopscope/_registry.py#L2070,
histogramdd,numpy,charged,counted_custom,,1.0,2.0,operands,(pending curation),,,,,,,—,ND binning; cost = n*sum(ceil(log2(b_i))).,,https://github.com/AIcrowd/flopscope/blob/eb4e6ccf3675c9fe481b59e20a13f4f97ce70482/src/flopscope/_registry.py#L2076,
histogram_bin_edges,numpy,charged,counted_custom,,1.0,2.0,operands,(pending curation),,,,,,,—,Bin edge computation; cost = numel(a).,,https://github.com/AIcrowd/flopscope/blob/eb4e6ccf3675c9fe481b59e20a13f4f97ce70482/src/flopscope/_registry.py#L2082,
bincount,numpy,charged,counted_custom,,1.0,illegal,operands,(pending curation),,,,,,,—,Integer counting; cost = numel(x).,,https://github.com/AIcrowd/flopscope/blob/eb4e6ccf3675c9fe481b59e20a13f4f97ce70482/src/flopscope/_registry.py#L2088,
digitize,numpy,charged,counted_custom,,1.0,illegal,operands,(pending curation),,,,,,,—,Bin search; cost = n*ceil(log2(bins)).,,https://github.com/AIcrowd/flopscope/blob/eb4e6ccf3675c9fe481b59e20a13f4f97ce70482/src/flopscope/_registry.py#L2094,
unravel_index,numpy,free,free,,0.0,,neutral,,0,,,,,,—,Convert flat index to multi-dimensional index.,,https://github.com/AIcrowd/flopscope/blob/eb4e6ccf3675c9fe481b59e20a13f4f97ce70482/src/flopscope/_registry.py#L2100,
ravel_multi_index,numpy,charged,counted_custom,,1.0,illegal,operands,(pending curation),,,,,,,—,"Convert multi-index to flat index. Cost: 2*(ndim-1)*N (+N for clip/wrap mode), N = #output indices.",,https://github.com/AIcrowd/flopscope/blob/eb4e6ccf3675c9fe481b59e20a13f4f97ce70482/src/flopscope/_registry.py#L2105,
indices,numpy,charged,counted_custom,,1.0,1.0,operands,(pending curation),,,,,,,—,Return array representing indices of a grid. Cost: numel of materialized output (dense N*prod(dims); sparse sum(dims)).,,https://github.com/AIcrowd/flopscope/blob/eb4e6ccf3675c9fe481b59e20a13f4f97ce70482/src/flopscope/_registry.py#L2111,
diag_indices,numpy,free,free,,0.0,,neutral,,0,,,,,,—,Return indices to access main diagonal of n-D array.,,https://github.com/AIcrowd/flopscope/blob/eb4e6ccf3675c9fe481b59e20a13f4f97ce70482/src/flopscope/_registry.py#L2117,
diag_indices_from,numpy,free,free,,0.0,,neutral,,0,,,,,,—,Return indices to access main diagonal of given array.,,https://github.com/AIcrowd/flopscope/blob/eb4e6ccf3675c9fe481b59e20a13f4f97ce70482/src/flopscope/_registry.py#L2122,
diagflat,numpy,charged,counted_custom,,0.0,1.0,operands,(pending curation),,,,,,,—,Create diagonal array from flattened input. Cost: len(v).,,https://github.com/AIcrowd/flopscope/blob/eb4e6ccf3675c9fe481b59e20a13f4f97ce70482/src/flopscope/_registry.py#L2127,
mask_indices,numpy,charged,counted_custom,,1.0,1.0,operands,(pending curation),,,,,,,—,Return indices of mask for n x n array. Cost: numel(output).,,https://github.com/AIcrowd/flopscope/blob/eb4e6ccf3675c9fe481b59e20a13f4f97ce70482/src/flopscope/_registry.py#L2133,
tril_indices,numpy,free,free,,0.0,,neutral,,0,,,,,,—,Return lower-triangle indices for n x n array.,,https://github.com/AIcrowd/flopscope/blob/eb4e6ccf3675c9fe481b59e20a13f4f97ce70482/src/flopscope/_registry.py#L2139,
tril_indices_from,numpy,free,free,,0.0,,neutral,,0,,,,,,—,Return lower-triangle indices for given array.,,https://github.com/AIcrowd/flopscope/blob/eb4e6ccf3675c9fe481b59e20a13f4f97ce70482/src/flopscope/_registry.py#L2144,
triu_indices,numpy,free,free,,0.0,,neutral,,0,,,,,,—,Return upper-triangle indices for n x n array.,,https://github.com/AIcrowd/flopscope/blob/eb4e6ccf3675c9fe481b59e20a13f4f97ce70482/src/flopscope/_registry.py#L2149,
triu_indices_from,numpy,free,free,,0.0,,neutral,,0,,,,,,—,Return upper-triangle indices for given array.,,https://github.com/AIcrowd/flopscope/blob/eb4e6ccf3675c9fe481b59e20a13f4f97ce70482/src/flopscope/_registry.py#L2154,
fill_diagonal,numpy,charged,counted_custom,,0.0,1.0,operands,(pending curation),,,,,,,—,"Fill main diagonal of given array. Cost: min(m,n).",,https://github.com/AIcrowd/flopscope/blob/eb4e6ccf3675c9fe481b59e20a13f4f97ce70482/src/flopscope/_registry.py#L2159,
tri,numpy,free,free,,0.0,,neutral,,0,,,,,,—,Array with ones at and below given diagonal.,,https://github.com/AIcrowd/flopscope/blob/eb4e6ccf3675c9fe481b59e20a13f4f97ce70482/src/flopscope/_registry.py#L2165,
geomspace,numpy,charged,counted_custom,,16.0,5.5,operands,(pending curation),,,,,,,—,Geometric-spaced generation; cost = num.,,https://github.com/AIcrowd/flopscope/blob/eb4e6ccf3675c9fe481b59e20a13f4f97ce70482/src/flopscope/_registry.py#L2170,
logspace,numpy,charged,counted_custom,,16.0,5.5,operands,(pending curation),,,,,,,—,Log-spaced generation; cost = num.,,https://github.com/AIcrowd/flopscope/blob/eb4e6ccf3675c9fe481b59e20a13f4f97ce70482/src/flopscope/_registry.py#L2176,
concat,numpy,charged,counted_custom,,0.0,1.0,operands,(pending curation),,,,,,,—,Join arrays along axis (NumPy 2.x array API alias for concatenate). Cost: numel(output).,,https://github.com/AIcrowd/flopscope/blob/eb4e6ccf3675c9fe481b59e20a13f4f97ce70482/src/flopscope/_registry.py#L2182,
vander,numpy,charged,counted_custom,,1.0,6.0,operands,(pending curation),,,,,,,—,Vandermonde matrix; cost = len(x)*(N-1).,,https://github.com/AIcrowd/flopscope/blob/eb4e6ccf3675c9fe481b59e20a13f4f97ce70482/src/flopscope/_registry.py#L2188,
ix_,numpy,charged,counted_custom,,0.0,1.0,operands,(pending curation),,,,,,,—,Construct open mesh from multiple sequences. Cost: numel(output).,,https://github.com/AIcrowd/flopscope/blob/eb4e6ccf3675c9fe481b59e20a13f4f97ce70482/src/flopscope/_registry.py#L2194,
rollaxis,numpy,free,free,,0.0,,neutral,,0,,,,,,—,Roll specified axis backwards. Cost: numel(output).,,https://github.com/AIcrowd/flopscope/blob/eb4e6ccf3675c9fe481b59e20a13f4f97ce70482/src/flopscope/_registry.py#L2200,
permute_dims,numpy,free,free,,0.0,,neutral,,0,,,,,,—,Permute dimensions (NumPy 2.x array API).,,https://github.com/AIcrowd/flopscope/blob/eb4e6ccf3675c9fe481b59e20a13f4f97ce70482/src/flopscope/_registry.py#L2205,
matrix_transpose,numpy,free,free,,0.0,,neutral,,0,,,,,,—,Transpose last two dimensions (NumPy 2.x array API).,,https://github.com/AIcrowd/flopscope/blob/eb4e6ccf3675c9fe481b59e20a13f4f97ce70482/src/flopscope/_registry.py#L2210,
unstack,numpy,charged,counted_custom,,0.0,1.0,operands,(pending curation),,,,,,,—,Unstack array along axis into tuple of arrays (NumPy 2.x). Cost: numel(output).,2.1..,https://github.com/AIcrowd/flopscope/blob/eb4e6ccf3675c9fe481b59e20a13f4f97ce70482/src/flopscope/_registry.py#L2215,
delete,numpy,charged,counted_custom,,0.0,1.0,operands,(pending curation),,,,,,,—,Return array with sub-arrays deleted along axis. Cost: numel(output) (surviving elements copied).,,https://github.com/AIcrowd/flopscope/blob/eb4e6ccf3675c9fe481b59e20a13f4f97ce70482/src/flopscope/_registry.py#L2222,
insert,numpy,charged,counted_custom,,0.0,1.0,operands,(pending curation),,,,,,,—,Insert values along axis before given indices. Cost: numel(output).,,https://github.com/AIcrowd/flopscope/blob/eb4e6ccf3675c9fe481b59e20a13f4f97ce70482/src/flopscope/_registry.py#L2228,
append,numpy,charged,counted_custom,,0.0,1.0,operands,(pending curation),,,,,,,—,Append values to end of array. Cost: numel(output) = arr.size + values.size (np.append = concatenate).,,https://github.com/AIcrowd/flopscope/blob/eb4e6ccf3675c9fe481b59e20a13f4f97ce70482/src/flopscope/_registry.py#L2234,
copyto,numpy,charged,counted_custom,,1.0,2.0,operands,(pending curation),,,,,,,—,Copy values into dst. Cost: 0 for a lossless copy (same dtype or safe widening); numel(dst) (or popcount where) for a value-changing (lossy) cast.,,https://github.com/AIcrowd/flopscope/blob/eb4e6ccf3675c9fe481b59e20a13f4f97ce70482/src/flopscope/_registry.py#L2240,
unique_all,numpy,charged,counted_custom,,1.0,2.0,operands,(pending curation),,,,,,,—,Sort-based unique; cost = n*ceil(log2(n)).,,https://github.com/AIcrowd/flopscope/blob/eb4e6ccf3675c9fe481b59e20a13f4f97ce70482/src/flopscope/_registry.py#L2246,
unique_counts,numpy,charged,counted_custom,,1.0,2.0,operands,(pending curation),,,,,,,—,Sort-based unique; cost = n*ceil(log2(n)).,,https://github.com/AIcrowd/flopscope/blob/eb4e6ccf3675c9fe481b59e20a13f4f97ce70482/src/flopscope/_registry.py#L2252,
unique_inverse,numpy,charged,counted_custom,,1.0,2.0,operands,(pending curation),,,,,,,—,Sort-based unique; cost = n*ceil(log2(n)).,,https://github.com/AIcrowd/flopscope/blob/eb4e6ccf3675c9fe481b59e20a13f4f97ce70482/src/flopscope/_registry.py#L2258,
unique_values,numpy,charged,counted_custom,,1.0,2.0,operands,(pending curation),,,,,,,—,Sort-based unique; cost = n*ceil(log2(n)).,,https://github.com/AIcrowd/flopscope/blob/eb4e6ccf3675c9fe481b59e20a13f4f97ce70482/src/flopscope/_registry.py#L2264,
asarray_chkfinite,numpy,charged,counted_custom,,1.0,2.0,operands,(pending curation),,,,,,,—,"Convert to array, raising if NaN or inf. Cost: numel(input).",,https://github.com/AIcrowd/flopscope/blob/eb4e6ccf3675c9fe481b59e20a13f4f97ce70482/src/flopscope/_registry.py#L2270,
require,numpy,free,free,,0.0,,neutral,,0,,,,,,—,Return array that satisfies requirements.,,https://github.com/AIcrowd/flopscope/blob/eb4e6ccf3675c9fe481b59e20a13f4f97ce70482/src/flopscope/_registry.py#L2276,
issubdtype,numpy,free,free,,0.0,,neutral,,0,,,,,,—,Return True if first argument is lower in type hierarchy.,,https://github.com/AIcrowd/flopscope/blob/eb4e6ccf3675c9fe481b59e20a13f4f97ce70482/src/flopscope/_registry.py#L2281,
isdtype,numpy,free,free,,0.0,,neutral,,0,,,,,,—,Return True if array or dtype is of specified kind (NumPy 2.x).,,https://github.com/AIcrowd/flopscope/blob/eb4e6ccf3675c9fe481b59e20a13f4f97ce70482/src/flopscope/_registry.py#L2286,
isscalar,numpy,free,free,,0.0,,neutral,,0,,,,,,—,Return True if input is a scalar.,,https://github.com/AIcrowd/flopscope/blob/eb4e6ccf3675c9fe481b59e20a13f4f97ce70482/src/flopscope/_registry.py#L2291,
isfortran,numpy,free,free,,0.0,,neutral,,0,,,,,,—,Return True if array is Fortran contiguous.,,https://github.com/AIcrowd/flopscope/blob/eb4e6ccf3675c9fe481b59e20a13f4f97ce70482/src/flopscope/_registry.py#L2296,
iterable,numpy,free,free,,0.0,,neutral,,0,,,,,,—,Return True if object is iterable.,,https://github.com/AIcrowd/flopscope/blob/eb4e6ccf3675c9fe481b59e20a13f4f97ce70482/src/flopscope/_registry.py#L2301,
typename,numpy,free,free,,0.0,,neutral,,0,,,,,,—,Return description of given data type code.,,https://github.com/AIcrowd/flopscope/blob/eb4e6ccf3675c9fe481b59e20a13f4f97ce70482/src/flopscope/_registry.py#L2306,
mintypecode,numpy,free,free,,0.0,,neutral,,0,,,,,,—,Return minimum data type character that can satisfy all given types.,,https://github.com/AIcrowd/flopscope/blob/eb4e6ccf3675c9fe481b59e20a13f4f97ce70482/src/flopscope/_registry.py#L2311,
base_repr,numpy,blacklisted,blacklisted,,0.0,,neutral,,0,,,,,,—,Return string representation of number in given base. Cost: len(output string).,,https://github.com/AIcrowd/flopscope/blob/eb4e6ccf3675c9fe481b59e20a13f4f97ce70482/src/flopscope/_registry.py#L2316,
binary_repr,numpy,blacklisted,blacklisted,,0.0,,neutral,,0,,,,,,—,Return binary string representation of the input number. Cost: len(output string).,,https://github.com/AIcrowd/flopscope/blob/eb4e6ccf3675c9fe481b59e20a13f4f97ce70482/src/flopscope/_registry.py#L2321,
symmetrize,numpy,charged,counted_custom,,1.0,2.0,operands,(pending curation),,,,,,,—,Reynolds projection onto a permutation group's invariant subspace. Cost: (|G|+1)*numel (|G| transposed adds + scaling pass; transpose/zeros free; validation uncounted).,,https://github.com/AIcrowd/flopscope/blob/eb4e6ccf3675c9fe481b59e20a13f4f97ce70482/src/flopscope/_registry.py#L2329,
as_symmetric,numpy,charged,counted_custom,,1.0,2.0,operands,(pending curation),,,,,,,—,"Validate + tag data as symmetric. Cost: k*(7*numel-1), k=#non-identity generators (one allclose per generator).",,https://github.com/AIcrowd/flopscope/blob/eb4e6ccf3675c9fe481b59e20a13f4f97ce70482/src/flopscope/_registry.py#L2335,
is_symmetric,numpy,charged,counted_custom,,1.0,2.0,operands,(pending curation),,,,,,,—,"Predicate: invariance under the group's generators. Cost: k*(7*numel-1), k=#non-identity generators.",,https://github.com/AIcrowd/flopscope/blob/eb4e6ccf3675c9fe481b59e20a13f4f97ce70482/src/flopscope/_registry.py#L2341,
random.beta,random,charged,counted_custom,,16.0,illegal,operands,(pending curation),,,,,,,—,Sampling; cost = numel(output).,,https://github.com/AIcrowd/flopscope/blob/eb4e6ccf3675c9fe481b59e20a13f4f97ce70482/src/flopscope/_registry.py#L2350,
random.binomial,random,charged,counted_custom,,16.0,illegal,operands,(pending curation),,,,,,,—,Sampling; cost = numel(output).,,https://github.com/AIcrowd/flopscope/blob/eb4e6ccf3675c9fe481b59e20a13f4f97ce70482/src/flopscope/_registry.py#L2356,
random.bytes,random,charged,counted_custom,,1.0,illegal,operands,(pending curation),,,,,,,—,Sampling; cost = numel(output).,,https://github.com/AIcrowd/flopscope/blob/eb4e6ccf3675c9fe481b59e20a13f4f97ce70482/src/flopscope/_registry.py#L2362,
random.chisquare,random,charged,counted_custom,,16.0,illegal,operands,(pending curation),,,,,,,—,Sampling; cost = numel(output).,,https://github.com/AIcrowd/flopscope/blob/eb4e6ccf3675c9fe481b59e20a13f4f97ce70482/src/flopscope/_registry.py#L2368,
random.choice,random,charged,counted_custom,,1.0,1.0,operands,(pending curation),,,,,,,—,"Sampling; cost = numel(output) if replace; n (Fisher-Yates, matches permutation) if replace=False and p is None; n*ceil(log2(n)) conservative floor if replace=False with p.",,https://github.com/AIcrowd/flopscope/blob/eb4e6ccf3675c9fe481b59e20a13f4f97ce70482/src/flopscope/_registry.py#L2374,
random.default_rng,random,free,free,,0.0,,neutral,,0,,,,,,—,Construct a new Generator with default BitGenerator.,,https://github.com/AIcrowd/flopscope/blob/eb4e6ccf3675c9fe481b59e20a13f4f97ce70482/src/flopscope/_registry.py#L2380,
random.dirichlet,random,charged,counted_custom,,16.0,illegal,operands,(pending curation),,,,,,,—,Sampling; cost = numel(output).,,https://github.com/AIcrowd/flopscope/blob/eb4e6ccf3675c9fe481b59e20a13f4f97ce70482/src/flopscope/_registry.py#L2385,
random.exponential,random,charged,counted_custom,,16.0,illegal,operands,(pending curation),,,,,,,—,Sampling; cost = numel(output).,,https://github.com/AIcrowd/flopscope/blob/eb4e6ccf3675c9fe481b59e20a13f4f97ce70482/src/flopscope/_registry.py#L2391,
random.f,random,charged,counted_custom,,16.0,illegal,operands,(pending curation),,,,,,,—,Sampling; cost = numel(output).,,https://github.com/AIcrowd/flopscope/blob/eb4e6ccf3675c9fe481b59e20a13f4f97ce70482/src/flopscope/_registry.py#L2397,
random.gamma,random,charged,counted_custom,,16.0,illegal,operands,(pending curation),,,,,,,—,Sampling; cost = numel(output).,,https://github.com/AIcrowd/flopscope/blob/eb4e6ccf3675c9fe481b59e20a13f4f97ce70482/src/flopscope/_registry.py#L2403,
random.geometric,random,charged,counted_custom,,16.0,illegal,operands,(pending curation),,,,,,,—,Sampling; cost = numel(output).,,https://github.com/AIcrowd/flopscope/blob/eb4e6ccf3675c9fe481b59e20a13f4f97ce70482/src/flopscope/_registry.py#L2409,
random.get_state,random,free,free,,0.0,,neutral,,0,,,,,,—,Return tuple representing internal state of generator.,,https://github.com/AIcrowd/flopscope/blob/eb4e6ccf3675c9fe481b59e20a13f4f97ce70482/src/flopscope/_registry.py#L2415,
random.gumbel,random,charged,counted_custom,,16.0,illegal,operands,(pending curation),,,,,,,—,Sampling; cost = numel(output).,,https://github.com/AIcrowd/flopscope/blob/eb4e6ccf3675c9fe481b59e20a13f4f97ce70482/src/flopscope/_registry.py#L2420,
random.hypergeometric,random,charged,counted_custom,,16.0,illegal,operands,(pending curation),,,,,,,—,Sampling; cost = numel(output).,,https://github.com/AIcrowd/flopscope/blob/eb4e6ccf3675c9fe481b59e20a13f4f97ce70482/src/flopscope/_registry.py#L2426,
random.laplace,random,charged,counted_custom,,16.0,illegal,operands,(pending curation),,,,,,,—,Sampling; cost = numel(output).,,https://github.com/AIcrowd/flopscope/blob/eb4e6ccf3675c9fe481b59e20a13f4f97ce70482/src/flopscope/_registry.py#L2432,
random.logistic,random,charged,counted_custom,,16.0,illegal,operands,(pending curation),,,,,,,—,Sampling; cost = numel(output).,,https://github.com/AIcrowd/flopscope/blob/eb4e6ccf3675c9fe481b59e20a13f4f97ce70482/src/flopscope/_registry.py#L2438,
random.lognormal,random,charged,counted_custom,,16.0,illegal,operands,(pending curation),,,,,,,—,Sampling; cost = numel(output).,,https://github.com/AIcrowd/flopscope/blob/eb4e6ccf3675c9fe481b59e20a13f4f97ce70482/src/flopscope/_registry.py#L2444,
random.random_integers,random,blacklisted,blacklisted,,0.0,,neutral,,0,,,,,,—,Deprecated numpy alias; intentionally unsupported (raises AttributeError).,,https://github.com/AIcrowd/flopscope/blob/eb4e6ccf3675c9fe481b59e20a13f4f97ce70482/src/flopscope/_registry.py#L2450,
random.logseries,random,charged,counted_custom,,16.0,illegal,operands,(pending curation),,,,,,,—,Sampling; cost = numel(output).,,https://github.com/AIcrowd/flopscope/blob/eb4e6ccf3675c9fe481b59e20a13f4f97ce70482/src/flopscope/_registry.py#L2455,
random.multinomial,random,charged,counted_custom,,16.0,illegal,operands,(pending curation),,,,,,,—,Sampling; cost = numel(output).,,https://github.com/AIcrowd/flopscope/blob/eb4e6ccf3675c9fe481b59e20a13f4f97ce70482/src/flopscope/_registry.py#L2461,
random.multivariate_normal,random,charged,counted_custom,,1.0,illegal,operands,(pending curation),,,,,,,—,Composite cost: d^3//3 (Cholesky factorization) + 2*N*d^2 (affine transform) + 16*N*d (N*d standard-normal draws at transcendental tier); weight 1.0.,,https://github.com/AIcrowd/flopscope/blob/eb4e6ccf3675c9fe481b59e20a13f4f97ce70482/src/flopscope/_registry.py#L2467,
random.negative_binomial,random,charged,counted_custom,,16.0,illegal,operands,(pending curation),,,,,,,—,Sampling; cost = numel(output).,,https://github.com/AIcrowd/flopscope/blob/eb4e6ccf3675c9fe481b59e20a13f4f97ce70482/src/flopscope/_registry.py#L2473,
random.noncentral_chisquare,random,charged,counted_custom,,16.0,illegal,operands,(pending curation),,,,,,,—,Sampling; cost = numel(output).,,https://github.com/AIcrowd/flopscope/blob/eb4e6ccf3675c9fe481b59e20a13f4f97ce70482/src/flopscope/_registry.py#L2479,
random.noncentral_f,random,charged,counted_custom,,16.0,illegal,operands,(pending curation),,,,,,,—,Sampling; cost = numel(output).,,https://github.com/AIcrowd/flopscope/blob/eb4e6ccf3675c9fe481b59e20a13f4f97ce70482/src/flopscope/_registry.py#L2485,
random.normal,random,charged,counted_custom,,16.0,illegal,operands,(pending curation),,,,,,,—,Sampling; cost = numel(output).,,https://github.com/AIcrowd/flopscope/blob/eb4e6ccf3675c9fe481b59e20a13f4f97ce70482/src/flopscope/_registry.py#L2491,
random.pareto,random,charged,counted_custom,,16.0,illegal,operands,(pending curation),,,,,,,—,Sampling; cost = numel(output).,,https://github.com/AIcrowd/flopscope/blob/eb4e6ccf3675c9fe481b59e20a13f4f97ce70482/src/flopscope/_registry.py#L2497,
random.permutation,random,charged,counted_custom,,1.0,1.0,operands,(pending curation),,,,,,,—,Shuffle; cost = n*ceil(log2(n)).,,https://github.com/AIcrowd/flopscope/blob/eb4e6ccf3675c9fe481b59e20a13f4f97ce70482/src/flopscope/_registry.py#L2503,
random.poisson,random,charged,counted_custom,,16.0,illegal,operands,(pending curation),,,,,,,—,Sampling; cost = numel(output).,,https://github.com/AIcrowd/flopscope/blob/eb4e6ccf3675c9fe481b59e20a13f4f97ce70482/src/flopscope/_registry.py#L2509,
random.power,random,charged,counted_custom,,16.0,illegal,operands,(pending curation),,,,,,,—,Sampling; cost = numel(output).,,https://github.com/AIcrowd/flopscope/blob/eb4e6ccf3675c9fe481b59e20a13f4f97ce70482/src/flopscope/_registry.py#L2515,
random.rand,random,charged,counted_custom,,1.0,illegal,operands,(pending curation),,,,,,,—,Sampling; cost = numel(output).,,https://github.com/AIcrowd/flopscope/blob/eb4e6ccf3675c9fe481b59e20a13f4f97ce70482/src/flopscope/_registry.py#L2521,
random.randint,random,charged,counted_custom,,1.0,illegal,operands,(pending curation),,,,,,,—,Sampling; cost = numel(output).,,https://github.com/AIcrowd/flopscope/blob/eb4e6ccf3675c9fe481b59e20a13f4f97ce70482/src/flopscope/_registry.py#L2527,
random.randn,random,charged,counted_custom,,16.0,illegal,operands,(pending curation),,,,,,,—,Sampling; cost = numel(output).,,https://github.com/AIcrowd/flopscope/blob/eb4e6ccf3675c9fe481b59e20a13f4f97ce70482/src/flopscope/_registry.py#L2533,
random.random,random,charged,counted_custom,,1.0,illegal,operands,(pending curation),,,,,,,—,Sampling; cost = numel(output).,,https://github.com/AIcrowd/flopscope/blob/eb4e6ccf3675c9fe481b59e20a13f4f97ce70482/src/flopscope/_registry.py#L2539,
random.random_sample,random,charged,counted_custom,,1.0,illegal,operands,(pending curation),,,,,,,—,Sampling; cost = numel(output).,,https://github.com/AIcrowd/flopscope/blob/eb4e6ccf3675c9fe481b59e20a13f4f97ce70482/src/flopscope/_registry.py#L2545,
random.ranf,random,charged,counted_custom,,1.0,illegal,operands,(pending curation),,,,,,,—,Sampling; cost = numel(output).,,https://github.com/AIcrowd/flopscope/blob/eb4e6ccf3675c9fe481b59e20a13f4f97ce70482/src/flopscope/_registry.py#L2551,
random.rayleigh,random,charged,counted_custom,,16.0,illegal,operands,(pending curation),,,,,,,—,Sampling; cost = numel(output).,,https://github.com/AIcrowd/flopscope/blob/eb4e6ccf3675c9fe481b59e20a13f4f97ce70482/src/flopscope/_registry.py#L2557,
random.sample,random,charged,counted_custom,,1.0,illegal,operands,(pending curation),,,,,,,—,Sampling; cost = numel(output).,,https://github.com/AIcrowd/flopscope/blob/eb4e6ccf3675c9fe481b59e20a13f4f97ce70482/src/flopscope/_registry.py#L2563,
random.seed,random,free,free,,0.0,,neutral,,0,,,,,,—,Seed random number generator.,,https://github.com/AIcrowd/flopscope/blob/eb4e6ccf3675c9fe481b59e20a13f4f97ce70482/src/flopscope/_registry.py#L2569,
random.set_state,random,free,free,,0.0,,neutral,,0,,,,,,—,Set internal state of generator.,,https://github.com/AIcrowd/flopscope/blob/eb4e6ccf3675c9fe481b59e20a13f4f97ce70482/src/flopscope/_registry.py#L2574,
random.shuffle,random,charged,counted_custom,,1.0,1.0,operands,(pending curation),,,,,,,—,Shuffle; cost = n*ceil(log2(n)).,,https://github.com/AIcrowd/flopscope/blob/eb4e6ccf3675c9fe481b59e20a13f4f97ce70482/src/flopscope/_registry.py#L2579,
random.standard_cauchy,random,charged,counted_custom,,16.0,illegal,operands,(pending curation),,,,,,,—,Sampling; cost = numel(output).,,https://github.com/AIcrowd/flopscope/blob/eb4e6ccf3675c9fe481b59e20a13f4f97ce70482/src/flopscope/_registry.py#L2585,
random.standard_exponential,random,charged,counted_custom,,16.0,illegal,operands,(pending curation),,,,,,,—,Sampling; cost = numel(output).,,https://github.com/AIcrowd/flopscope/blob/eb4e6ccf3675c9fe481b59e20a13f4f97ce70482/src/flopscope/_registry.py#L2591,
random.standard_gamma,random,charged,counted_custom,,16.0,illegal,operands,(pending curation),,,,,,,—,Sampling; cost = numel(output).,,https://github.com/AIcrowd/flopscope/blob/eb4e6ccf3675c9fe481b59e20a13f4f97ce70482/src/flopscope/_registry.py#L2597,
random.standard_normal,random,charged,counted_custom,,16.0,illegal,operands,(pending curation),,,,,,,—,Sampling; cost = numel(output).,,https://github.com/AIcrowd/flopscope/blob/eb4e6ccf3675c9fe481b59e20a13f4f97ce70482/src/flopscope/_registry.py#L2603,
random.standard_t,random,charged,counted_custom,,16.0,illegal,operands,(pending curation),,,,,,,—,Sampling; cost = numel(output).,,https://github.com/AIcrowd/flopscope/blob/eb4e6ccf3675c9fe481b59e20a13f4f97ce70482/src/flopscope/_registry.py#L2609,
random.symmetric,random,charged,counted_custom,,1.0,illegal,operands,(pending curation),,,,,,,—,Sample + Reynolds-project to a symmetry group. Cost: (|G|+2)*numel (sample numel + projection (|G|+1)*numel).,,https://github.com/AIcrowd/flopscope/blob/eb4e6ccf3675c9fe481b59e20a13f4f97ce70482/src/flopscope/_registry.py#L2615,
random.triangular,random,charged,counted_custom,,16.0,illegal,operands,(pending curation),,,,,,,—,Sampling; cost = numel(output).,,https://github.com/AIcrowd/flopscope/blob/eb4e6ccf3675c9fe481b59e20a13f4f97ce70482/src/flopscope/_registry.py#L2621,
random.uniform,random,charged,counted_custom,,1.0,illegal,operands,(pending curation),,,,,,,—,Sampling; cost = numel(output).,,https://github.com/AIcrowd/flopscope/blob/eb4e6ccf3675c9fe481b59e20a13f4f97ce70482/src/flopscope/_registry.py#L2627,
random.vonmises,random,charged,counted_custom,,16.0,illegal,operands,(pending curation),,,,,,,—,Sampling; cost = numel(output).,,https://github.com/AIcrowd/flopscope/blob/eb4e6ccf3675c9fe481b59e20a13f4f97ce70482/src/flopscope/_registry.py#L2633,
random.wald,random,charged,counted_custom,,16.0,illegal,operands,(pending curation),,,,,,,—,Sampling; cost = numel(output).,,https://github.com/AIcrowd/flopscope/blob/eb4e6ccf3675c9fe481b59e20a13f4f97ce70482/src/flopscope/_registry.py#L2639,
random.weibull,random,charged,counted_custom,,16.0,illegal,operands,(pending curation),,,,,,,—,Sampling; cost = numel(output).,,https://github.com/AIcrowd/flopscope/blob/eb4e6ccf3675c9fe481b59e20a13f4f97ce70482/src/flopscope/_registry.py#L2645,
random.zipf,random,charged,counted_custom,,16.0,illegal,operands,(pending curation),,,,,,,—,Sampling; cost = numel(output).,,https://github.com/AIcrowd/flopscope/blob/eb4e6ccf3675c9fe481b59e20a13f4f97ce70482/src/flopscope/_registry.py#L2651,
random.Generator.beta,random,charged,counted_random_method,numel(output),16.0,illegal,output,size=1000,,,,,,,—,Beta distribution; cost = numel(output).,,https://github.com/AIcrowd/flopscope/blob/eb4e6ccf3675c9fe481b59e20a13f4f97ce70482/src/flopscope/_registry.py#L2661,
random.Generator.binomial,random,charged,counted_random_method,numel(output),16.0,illegal,output,size=1000,,,,,,,—,Binomial distribution; cost = numel(output).,,https://github.com/AIcrowd/flopscope/blob/eb4e6ccf3675c9fe481b59e20a13f4f97ce70482/src/flopscope/_registry.py#L2668,
random.Generator.bytes,random,charged,counted_random_method,length,1.0,illegal,output,size=1000,,,,,,,—,Raw bytes; cost = length argument.,,https://github.com/AIcrowd/flopscope/blob/eb4e6ccf3675c9fe481b59e20a13f4f97ce70482/src/flopscope/_registry.py#L2675,
random.Generator.chisquare,random,charged,counted_random_method,numel(output),16.0,illegal,output,size=1000,,,,,,,—,Chi-square distribution; cost = numel(output).,,https://github.com/AIcrowd/flopscope/blob/eb4e6ccf3675c9fe481b59e20a13f4f97ce70482/src/flopscope/_registry.py#L2682,
random.Generator.choice,random,charged,counted_random_method,choice_cost,1.0,1.0,output,size=1000,,,,,,,—,numel(output) if replace; n (Fisher-Yates/Floyd <= O(n)) if replace=False and p is None; sort_cost(n) conservative floor if replace=False with p.,,https://github.com/AIcrowd/flopscope/blob/eb4e6ccf3675c9fe481b59e20a13f4f97ce70482/src/flopscope/_registry.py#L2689,
random.Generator.dirichlet,random,charged,counted_random_method,numel(output),16.0,illegal,output,size=1000,,,,,,,—,Dirichlet distribution; cost = numel(output).,,https://github.com/AIcrowd/flopscope/blob/eb4e6ccf3675c9fe481b59e20a13f4f97ce70482/src/flopscope/_registry.py#L2696,
random.Generator.exponential,random,charged,counted_random_method,numel(output),16.0,illegal,output,size=1000,1000,2000,32000,32000,32000,32000,1.0,Exponential distribution; cost = numel(output).,,https://github.com/AIcrowd/flopscope/blob/eb4e6ccf3675c9fe481b59e20a13f4f97ce70482/src/flopscope/_registry.py#L2703,https://github.com/AIcrowd/flopscope/blob/eb4e6ccf3675c9fe481b59e20a13f4f97ce70482/src/flopscope/numpy/random/_counted_classes.py#L81
random.Generator.f,random,charged,counted_random_method,numel(output),16.0,illegal,output,size=1000,,,,,,,—,F distribution; cost = numel(output).,,https://github.com/AIcrowd/flopscope/blob/eb4e6ccf3675c9fe481b59e20a13f4f97ce70482/src/flopscope/_registry.py#L2710,
random.Generator.gamma,random,charged,counted_random_method,numel(output),16.0,illegal,output,size=1000,,,,,,,—,Gamma distribution; cost = numel(output).,,https://github.com/AIcrowd/flopscope/blob/eb4e6ccf3675c9fe481b59e20a13f4f97ce70482/src/flopscope/_registry.py#L2717,
random.Generator.geometric,random,charged,counted_random_method,numel(output),16.0,illegal,output,size=1000,,,,,,,—,Geometric distribution; cost = numel(output).,,https://github.com/AIcrowd/flopscope/blob/eb4e6ccf3675c9fe481b59e20a13f4f97ce70482/src/flopscope/_registry.py#L2724,
random.Generator.gumbel,random,charged,counted_random_method,numel(output),16.0,illegal,output,size=1000,1000,2000,32000,32000,32000,32000,1.0,Gumbel distribution; cost = numel(output).,,https://github.com/AIcrowd/flopscope/blob/eb4e6ccf3675c9fe481b59e20a13f4f97ce70482/src/flopscope/_registry.py#L2731,https://github.com/AIcrowd/flopscope/blob/eb4e6ccf3675c9fe481b59e20a13f4f97ce70482/src/flopscope/numpy/random/_counted_classes.py#L81
random.Generator.hypergeometric,random,charged,counted_random_method,numel(output),16.0,illegal,output,size=1000,,,,,,,—,Hypergeometric distribution; cost = numel(output).,,https://github.com/AIcrowd/flopscope/blob/eb4e6ccf3675c9fe481b59e20a13f4f97ce70482/src/flopscope/_registry.py#L2738,
random.Generator.integers,random,charged,counted_random_method,numel(output),1.0,illegal,output,size=1000,,,,,,,—,Modern Generator integers (replaces legacy randint).,,https://github.com/AIcrowd/flopscope/blob/eb4e6ccf3675c9fe481b59e20a13f4f97ce70482/src/flopscope/_registry.py#L2745,
random.Generator.laplace,random,charged,counted_random_method,numel(output),16.0,illegal,output,size=1000,1000,2000,32000,32000,32000,32000,1.0,Laplace distribution; cost = numel(output).,,https://github.com/AIcrowd/flopscope/blob/eb4e6ccf3675c9fe481b59e20a13f4f97ce70482/src/flopscope/_registry.py#L2752,https://github.com/AIcrowd/flopscope/blob/eb4e6ccf3675c9fe481b59e20a13f4f97ce70482/src/flopscope/numpy/random/_counted_classes.py#L81
random.Generator.logistic,random,charged,counted_random_method,numel(output),16.0,illegal,output,size=1000,1000,2000,32000,32000,32000,32000,1.0,Logistic distribution; cost = numel(output).,,https://github.com/AIcrowd/flopscope/blob/eb4e6ccf3675c9fe481b59e20a13f4f97ce70482/src/flopscope/_registry.py#L2759,https://github.com/AIcrowd/flopscope/blob/eb4e6ccf3675c9fe481b59e20a13f4f97ce70482/src/flopscope/numpy/random/_counted_classes.py#L81
random.Generator.lognormal,random,charged,counted_random_method,numel(output),16.0,illegal,output,size=1000,1000,2000,32000,32000,32000,32000,1.0,Log-normal distribution; cost = numel(output).,,https://github.com/AIcrowd/flopscope/blob/eb4e6ccf3675c9fe481b59e20a13f4f97ce70482/src/flopscope/_registry.py#L2766,https://github.com/AIcrowd/flopscope/blob/eb4e6ccf3675c9fe481b59e20a13f4f97ce70482/src/flopscope/numpy/random/_counted_classes.py#L81
random.Generator.logseries,random,charged,counted_random_method,numel(output),16.0,illegal,output,size=1000,,,,,,,—,Log-series distribution; cost = numel(output).,,https://github.com/AIcrowd/flopscope/blob/eb4e6ccf3675c9fe481b59e20a13f4f97ce70482/src/flopscope/_registry.py#L2773,
random.Generator.multinomial,random,charged,counted_random_method,numel(output),16.0,illegal,output,size=1000,,,,,,,—,Multinomial distribution; cost = numel(output).,,https://github.com/AIcrowd/flopscope/blob/eb4e6ccf3675c9fe481b59e20a13f4f97ce70482/src/flopscope/_registry.py#L2780,
random.Generator.multivariate_hypergeometric,random,charged,counted_random_method,numel(output),16.0,illegal,output,size=1000,,,,,,,—,Multivariate hypergeometric; cost = numel(output).,,https://github.com/AIcrowd/flopscope/blob/eb4e6ccf3675c9fe481b59e20a13f4f97ce70482/src/flopscope/_registry.py#L2787,
random.Generator.multivariate_normal,random,charged,counted_random_method,multivariate_normal,1.0,illegal,output,size=1000,,,,,,,—,Composite cost: d^3//3 (Cholesky factorization) + 2*N*d^2 (affine transform) + 16*N*d (N*d standard-normal draws at transcendental tier); weight 1.0.,,https://github.com/AIcrowd/flopscope/blob/eb4e6ccf3675c9fe481b59e20a13f4f97ce70482/src/flopscope/_registry.py#L2794,
random.Generator.negative_binomial,random,charged,counted_random_method,numel(output),16.0,illegal,output,size=1000,,,,,,,—,Negative binomial distribution; cost = numel(output).,,https://github.com/AIcrowd/flopscope/blob/eb4e6ccf3675c9fe481b59e20a13f4f97ce70482/src/flopscope/_registry.py#L2801,
random.Generator.noncentral_chisquare,random,charged,counted_random_method,numel(output),16.0,illegal,output,size=1000,,,,,,,—,Noncentral chi-square; cost = numel(output).,,https://github.com/AIcrowd/flopscope/blob/eb4e6ccf3675c9fe481b59e20a13f4f97ce70482/src/flopscope/_registry.py#L2808,
random.Generator.noncentral_f,random,charged,counted_random_method,numel(output),16.0,illegal,output,size=1000,,,,,,,—,Noncentral F; cost = numel(output).,,https://github.com/AIcrowd/flopscope/blob/eb4e6ccf3675c9fe481b59e20a13f4f97ce70482/src/flopscope/_registry.py#L2815,
random.Generator.normal,random,charged,counted_random_method,numel(output),16.0,illegal,output,size=1000,1000,2000,32000,32000,32000,32000,1.0,Normal distribution; cost = numel(output).,,https://github.com/AIcrowd/flopscope/blob/eb4e6ccf3675c9fe481b59e20a13f4f97ce70482/src/flopscope/_registry.py#L2822,https://github.com/AIcrowd/flopscope/blob/eb4e6ccf3675c9fe481b59e20a13f4f97ce70482/src/flopscope/numpy/random/_counted_classes.py#L81
random.Generator.pareto,random,charged,counted_random_method,numel(output),16.0,illegal,output,size=1000,,,,,,,—,Pareto distribution; cost = numel(output).,,https://github.com/AIcrowd/flopscope/blob/eb4e6ccf3675c9fe481b59e20a13f4f97ce70482/src/flopscope/_registry.py#L2829,
random.Generator.permutation,random,charged,counted_random_method,shape[axis],1.0,1.0,output,size=1000,,,,,,,—,Random permutation; cost = shape[axis] (Fisher-Yates draws).,,https://github.com/AIcrowd/flopscope/blob/eb4e6ccf3675c9fe481b59e20a13f4f97ce70482/src/flopscope/_registry.py#L2836,
random.Generator.permuted,random,charged,counted_random_method,numel(input),1.0,1.0,output,size=1000,,,,,,,—,Permute along axis; cost from input array size.,,https://github.com/AIcrowd/flopscope/blob/eb4e6ccf3675c9fe481b59e20a13f4f97ce70482/src/flopscope/_registry.py#L2843,
random.Generator.poisson,random,charged,counted_random_method,numel(output),16.0,illegal,output,size=1000,1000,2000,32000,32000,32000,32000,1.0,Poisson distribution; cost = numel(output).,,https://github.com/AIcrowd/flopscope/blob/eb4e6ccf3675c9fe481b59e20a13f4f97ce70482/src/flopscope/_registry.py#L2850,https://github.com/AIcrowd/flopscope/blob/eb4e6ccf3675c9fe481b59e20a13f4f97ce70482/src/flopscope/numpy/random/_counted_classes.py#L81
random.Generator.power,random,charged,counted_random_method,numel(output),16.0,illegal,output,size=1000,,,,,,,—,Power distribution; cost = numel(output).,,https://github.com/AIcrowd/flopscope/blob/eb4e6ccf3675c9fe481b59e20a13f4f97ce70482/src/flopscope/_registry.py#L2857,
random.Generator.random,random,charged,counted_random_method,numel(output),1.0,illegal,output,size=1000,1000,2000,2000,2000,2000,2000,1.0,"Uniform [0, 1) — modern Generator equivalent of rand/random_sample.",,https://github.com/AIcrowd/flopscope/blob/eb4e6ccf3675c9fe481b59e20a13f4f97ce70482/src/flopscope/_registry.py#L2864,https://github.com/AIcrowd/flopscope/blob/eb4e6ccf3675c9fe481b59e20a13f4f97ce70482/src/flopscope/numpy/random/_counted_classes.py#L81
random.Generator.rayleigh,random,charged,counted_random_method,numel(output),16.0,illegal,output,size=1000,1000,2000,32000,32000,32000,32000,1.0,Rayleigh distribution; cost = numel(output).,,https://github.com/AIcrowd/flopscope/blob/eb4e6ccf3675c9fe481b59e20a13f4f97ce70482/src/flopscope/_registry.py#L2871,https://github.com/AIcrowd/flopscope/blob/eb4e6ccf3675c9fe481b59e20a13f4f97ce70482/src/flopscope/numpy/random/_counted_classes.py#L81
random.Generator.shuffle,random,charged,counted_random_method,shape[axis],1.0,1.0,output,size=1000,,,,,,,—,In-place shuffle; cost = shape[axis] (Fisher-Yates draws).,,https://github.com/AIcrowd/flopscope/blob/eb4e6ccf3675c9fe481b59e20a13f4f97ce70482/src/flopscope/_registry.py#L2878,
random.Generator.standard_cauchy,random,charged,counted_random_method,numel(output),16.0,illegal,output,size=1000,1000,2000,32000,32000,32000,32000,1.0,Standard Cauchy distribution; cost = numel(output).,,https://github.com/AIcrowd/flopscope/blob/eb4e6ccf3675c9fe481b59e20a13f4f97ce70482/src/flopscope/_registry.py#L2885,https://github.com/AIcrowd/flopscope/blob/eb4e6ccf3675c9fe481b59e20a13f4f97ce70482/src/flopscope/numpy/random/_counted_classes.py#L81
random.Generator.standard_exponential,random,charged,counted_random_method,numel(output),16.0,illegal,output,size=1000,1000,2000,32000,32000,32000,32000,1.0,Standard exponential; cost = numel(output).,,https://github.com/AIcrowd/flopscope/blob/eb4e6ccf3675c9fe481b59e20a13f4f97ce70482/src/flopscope/_registry.py#L2892,https://github.com/AIcrowd/flopscope/blob/eb4e6ccf3675c9fe481b59e20a13f4f97ce70482/src/flopscope/numpy/random/_counted_classes.py#L81
random.Generator.standard_gamma,random,charged,counted_random_method,numel(output),16.0,illegal,output,size=1000,,,,,,,—,Standard gamma; cost = numel(output).,,https://github.com/AIcrowd/flopscope/blob/eb4e6ccf3675c9fe481b59e20a13f4f97ce70482/src/flopscope/_registry.py#L2899,
random.Generator.standard_normal,random,charged,counted_random_method,numel(output),16.0,illegal,output,size=1000,1000,2000,32000,32000,32000,32000,1.0,Standard normal; cost = numel(output).,,https://github.com/AIcrowd/flopscope/blob/eb4e6ccf3675c9fe481b59e20a13f4f97ce70482/src/flopscope/_registry.py#L2906,https://github.com/AIcrowd/flopscope/blob/eb4e6ccf3675c9fe481b59e20a13f4f97ce70482/src/flopscope/numpy/random/_counted_classes.py#L81
random.Generator.standard_t,random,charged,counted_random_method,numel(output),16.0,illegal,output,size=1000,,,,,,,—,Standard Student-t; cost = numel(output).,,https://github.com/AIcrowd/flopscope/blob/eb4e6ccf3675c9fe481b59e20a13f4f97ce70482/src/flopscope/_registry.py#L2913,
random.Generator.triangular,random,charged,counted_random_method,numel(output),16.0,illegal,output,size=1000,,,,,,,—,Triangular distribution; cost = numel(output).,,https://github.com/AIcrowd/flopscope/blob/eb4e6ccf3675c9fe481b59e20a13f4f97ce70482/src/flopscope/_registry.py#L2920,
random.Generator.uniform,random,charged,counted_random_method,uniform,1.0,illegal,output,size=1000,3000,6000,6000,6000,6000,6000,1.0,Uniform distribution; cost = numel(output).,,https://github.com/AIcrowd/flopscope/blob/eb4e6ccf3675c9fe481b59e20a13f4f97ce70482/src/flopscope/_registry.py#L2927,https://github.com/AIcrowd/flopscope/blob/eb4e6ccf3675c9fe481b59e20a13f4f97ce70482/src/flopscope/numpy/random/_counted_classes.py#L81
random.Generator.vonmises,random,charged,counted_random_method,numel(output),16.0,illegal,output,size=1000,,,,,,,—,Von Mises distribution; cost = numel(output).,,https://github.com/AIcrowd/flopscope/blob/eb4e6ccf3675c9fe481b59e20a13f4f97ce70482/src/flopscope/_registry.py#L2934,
random.Generator.wald,random,charged,counted_random_method,numel(output),16.0,illegal,output,size=1000,,,,,,,—,Wald (inverse Gaussian) distribution; cost = numel(output).,,https://github.com/AIcrowd/flopscope/blob/eb4e6ccf3675c9fe481b59e20a13f4f97ce70482/src/flopscope/_registry.py#L2941,
random.Generator.weibull,random,charged,counted_random_method,numel(output),16.0,illegal,output,size=1000,,,,,,,—,Weibull distribution; cost = numel(output).,,https://github.com/AIcrowd/flopscope/blob/eb4e6ccf3675c9fe481b59e20a13f4f97ce70482/src/flopscope/_registry.py#L2948,
random.Generator.zipf,random,charged,counted_random_method,numel(output),16.0,illegal,output,size=1000,,,,,,,—,Zipf distribution; cost = numel(output).,,https://github.com/AIcrowd/flopscope/blob/eb4e6ccf3675c9fe481b59e20a13f4f97ce70482/src/flopscope/_registry.py#L2955,
random.Generator.bit_generator,random,free,free_random_method,,0.0,,neutral,,0,,,,,,—,"Underlying BitGenerator; attribute access, no math.",,https://github.com/AIcrowd/flopscope/blob/eb4e6ccf3675c9fe481b59e20a13f4f97ce70482/src/flopscope/_registry.py#L2963,
random.Generator.spawn,random,free,free_random_method,,0.0,,neutral,,0,,,,,,—,Returns child Generators; subclass override wraps them as _CountedGenerator.,,https://github.com/AIcrowd/flopscope/blob/eb4e6ccf3675c9fe481b59e20a13f4f97ce70482/src/flopscope/_registry.py#L2968,
random.RandomState.beta,random,charged,counted_random_method,numel(output),16.0,illegal,output,size=1000,,,,,,,—,Legacy beta sampler; cost = numel(output).,,https://github.com/AIcrowd/flopscope/blob/eb4e6ccf3675c9fe481b59e20a13f4f97ce70482/src/flopscope/_registry.py#L2976,
random.RandomState.binomial,random,charged,counted_random_method,numel(output),16.0,illegal,output,size=1000,,,,,,,—,Legacy binomial sampler; cost = numel(output).,,https://github.com/AIcrowd/flopscope/blob/eb4e6ccf3675c9fe481b59e20a13f4f97ce70482/src/flopscope/_registry.py#L2983,
random.RandomState.bytes,random,charged,counted_random_method,length,1.0,illegal,output,size=1000,,,,,,,—,Legacy bytes sampler; cost = length argument.,,https://github.com/AIcrowd/flopscope/blob/eb4e6ccf3675c9fe481b59e20a13f4f97ce70482/src/flopscope/_registry.py#L2990,
random.RandomState.chisquare,random,charged,counted_random_method,numel(output),16.0,illegal,output,size=1000,,,,,,,—,Legacy chi-square sampler; cost = numel(output).,,https://github.com/AIcrowd/flopscope/blob/eb4e6ccf3675c9fe481b59e20a13f4f97ce70482/src/flopscope/_registry.py#L2997,
random.RandomState.choice,random,charged,counted_random_method,choice_cost,1.0,1.0,output,size=1000,,,,,,,—,"Legacy choice sampler; numel(output) if replace; n (Fisher-Yates, matches permutation) if replace=False and p is None; sort_cost(n) conservative floor if replace=False with p.",,https://github.com/AIcrowd/flopscope/blob/eb4e6ccf3675c9fe481b59e20a13f4f97ce70482/src/flopscope/_registry.py#L3004,
random.RandomState.dirichlet,random,charged,counted_random_method,numel(output),16.0,illegal,output,size=1000,,,,,,,—,Legacy Dirichlet sampler; cost = numel(output).,,https://github.com/AIcrowd/flopscope/blob/eb4e6ccf3675c9fe481b59e20a13f4f97ce70482/src/flopscope/_registry.py#L3011,
random.RandomState.exponential,random,charged,counted_random_method,numel(output),16.0,illegal,output,size=1000,1000,2000,32000,32000,32000,32000,1.0,Legacy exponential sampler; cost = numel(output).,,https://github.com/AIcrowd/flopscope/blob/eb4e6ccf3675c9fe481b59e20a13f4f97ce70482/src/flopscope/_registry.py#L3018,https://github.com/AIcrowd/flopscope/blob/eb4e6ccf3675c9fe481b59e20a13f4f97ce70482/src/flopscope/numpy/random/_counted_classes.py#L81
random.RandomState.f,random,charged,counted_random_method,numel(output),16.0,illegal,output,size=1000,,,,,,,—,Legacy F sampler; cost = numel(output).,,https://github.com/AIcrowd/flopscope/blob/eb4e6ccf3675c9fe481b59e20a13f4f97ce70482/src/flopscope/_registry.py#L3025,
random.RandomState.gamma,random,charged,counted_random_method,numel(output),16.0,illegal,output,size=1000,,,,,,,—,Legacy gamma sampler; cost = numel(output).,,https://github.com/AIcrowd/flopscope/blob/eb4e6ccf3675c9fe481b59e20a13f4f97ce70482/src/flopscope/_registry.py#L3032,
random.RandomState.geometric,random,charged,counted_random_method,numel(output),16.0,illegal,output,size=1000,,,,,,,—,Legacy geometric sampler; cost = numel(output).,,https://github.com/AIcrowd/flopscope/blob/eb4e6ccf3675c9fe481b59e20a13f4f97ce70482/src/flopscope/_registry.py#L3039,
random.RandomState.gumbel,random,charged,counted_random_method,numel(output),16.0,illegal,output,size=1000,1000,2000,32000,32000,32000,32000,1.0,Legacy Gumbel sampler; cost = numel(output).,,https://github.com/AIcrowd/flopscope/blob/eb4e6ccf3675c9fe481b59e20a13f4f97ce70482/src/flopscope/_registry.py#L3046,https://github.com/AIcrowd/flopscope/blob/eb4e6ccf3675c9fe481b59e20a13f4f97ce70482/src/flopscope/numpy/random/_counted_classes.py#L81
random.RandomState.hypergeometric,random,charged,counted_random_method,numel(output),16.0,illegal,output,size=1000,,,,,,,—,Legacy hypergeometric sampler; cost = numel(output).,,https://github.com/AIcrowd/flopscope/blob/eb4e6ccf3675c9fe481b59e20a13f4f97ce70482/src/flopscope/_registry.py#L3053,
random.RandomState.laplace,random,charged,counted_random_method,numel(output),16.0,illegal,output,size=1000,1000,2000,32000,32000,32000,32000,1.0,Legacy Laplace sampler; cost = numel(output).,,https://github.com/AIcrowd/flopscope/blob/eb4e6ccf3675c9fe481b59e20a13f4f97ce70482/src/flopscope/_registry.py#L3060,https://github.com/AIcrowd/flopscope/blob/eb4e6ccf3675c9fe481b59e20a13f4f97ce70482/src/flopscope/numpy/random/_counted_classes.py#L81
random.RandomState.logistic,random,charged,counted_random_method,numel(output),16.0,illegal,output,size=1000,1000,2000,32000,32000,32000,32000,1.0,Legacy logistic sampler; cost = numel(output).,,https://github.com/AIcrowd/flopscope/blob/eb4e6ccf3675c9fe481b59e20a13f4f97ce70482/src/flopscope/_registry.py#L3067,https://github.com/AIcrowd/flopscope/blob/eb4e6ccf3675c9fe481b59e20a13f4f97ce70482/src/flopscope/numpy/random/_counted_classes.py#L81
random.RandomState.lognormal,random,charged,counted_random_method,numel(output),16.0,illegal,output,size=1000,1000,2000,32000,32000,32000,32000,1.0,Legacy log-normal sampler; cost = numel(output).,,https://github.com/AIcrowd/flopscope/blob/eb4e6ccf3675c9fe481b59e20a13f4f97ce70482/src/flopscope/_registry.py#L3074,https://github.com/AIcrowd/flopscope/blob/eb4e6ccf3675c9fe481b59e20a13f4f97ce70482/src/flopscope/numpy/random/_counted_classes.py#L81
random.RandomState.logseries,random,charged,counted_random_method,numel(output),16.0,illegal,output,size=1000,,,,,,,—,Legacy log-series sampler; cost = numel(output).,,https://github.com/AIcrowd/flopscope/blob/eb4e6ccf3675c9fe481b59e20a13f4f97ce70482/src/flopscope/_registry.py#L3081,
random.RandomState.multinomial,random,charged,counted_random_method,numel(output),16.0,illegal,output,size=1000,,,,,,,—,Legacy multinomial sampler; cost = numel(output).,,https://github.com/AIcrowd/flopscope/blob/eb4e6ccf3675c9fe481b59e20a13f4f97ce70482/src/flopscope/_registry.py#L3088,
random.RandomState.multivariate_normal,random,charged,counted_random_method,multivariate_normal,1.0,illegal,output,size=1000,,,,,,,—,Composite cost: d^3//3 (Cholesky factorization) + 2*N*d^2 (affine transform) + 16*N*d (N*d standard-normal draws at transcendental tier); weight 1.0.,,https://github.com/AIcrowd/flopscope/blob/eb4e6ccf3675c9fe481b59e20a13f4f97ce70482/src/flopscope/_registry.py#L3095,
random.RandomState.negative_binomial,random,charged,counted_random_method,numel(output),16.0,illegal,output,size=1000,,,,,,,—,Legacy negative binomial sampler; cost = numel(output).,,https://github.com/AIcrowd/flopscope/blob/eb4e6ccf3675c9fe481b59e20a13f4f97ce70482/src/flopscope/_registry.py#L3102,
random.RandomState.noncentral_chisquare,random,charged,counted_random_method,numel(output),16.0,illegal,output,size=1000,,,,,,,—,Legacy noncentral chi-square; cost = numel(output).,,https://github.com/AIcrowd/flopscope/blob/eb4e6ccf3675c9fe481b59e20a13f4f97ce70482/src/flopscope/_registry.py#L3109,
random.RandomState.noncentral_f,random,charged,counted_random_method,numel(output),16.0,illegal,output,size=1000,,,,,,,—,Legacy noncentral F; cost = numel(output).,,https://github.com/AIcrowd/flopscope/blob/eb4e6ccf3675c9fe481b59e20a13f4f97ce70482/src/flopscope/_registry.py#L3116,
random.RandomState.normal,random,charged,counted_random_method,numel(output),16.0,illegal,output,size=1000,1000,2000,32000,32000,32000,32000,1.0,Legacy normal sampler; cost = numel(output).,,https://github.com/AIcrowd/flopscope/blob/eb4e6ccf3675c9fe481b59e20a13f4f97ce70482/src/flopscope/_registry.py#L3123,https://github.com/AIcrowd/flopscope/blob/eb4e6ccf3675c9fe481b59e20a13f4f97ce70482/src/flopscope/numpy/random/_counted_classes.py#L81
random.RandomState.pareto,random,charged,counted_random_method,numel(output),16.0,illegal,output,size=1000,,,,,,,—,Legacy Pareto sampler; cost = numel(output).,,https://github.com/AIcrowd/flopscope/blob/eb4e6ccf3675c9fe481b59e20a13f4f97ce70482/src/flopscope/_registry.py#L3130,
random.RandomState.permutation,random,charged,counted_random_method,shape[axis],1.0,1.0,output,size=1000,,,,,,,—,Legacy permutation; cost = shape[axis] (Fisher-Yates draws). RandomState has no axis kwarg; defaults to 0.,,https://github.com/AIcrowd/flopscope/blob/eb4e6ccf3675c9fe481b59e20a13f4f97ce70482/src/flopscope/_registry.py#L3137,
random.RandomState.poisson,random,charged,counted_random_method,numel(output),16.0,illegal,output,size=1000,1000,2000,32000,32000,32000,32000,1.0,Legacy Poisson sampler; cost = numel(output).,,https://github.com/AIcrowd/flopscope/blob/eb4e6ccf3675c9fe481b59e20a13f4f97ce70482/src/flopscope/_registry.py#L3144,https://github.com/AIcrowd/flopscope/blob/eb4e6ccf3675c9fe481b59e20a13f4f97ce70482/src/flopscope/numpy/random/_counted_classes.py#L81
random.RandomState.power,random,charged,counted_random_method,numel(output),16.0,illegal,output,size=1000,,,,,,,—,Legacy power sampler; cost = numel(output).,,https://github.com/AIcrowd/flopscope/blob/eb4e6ccf3675c9fe481b59e20a13f4f97ce70482/src/flopscope/_registry.py#L3151,
random.RandomState.rand,random,charged,counted_random_method,numel(output),1.0,illegal,output,size=1000,,,,,,,—,"Legacy uniform [0,1); cost = numel(output).",,https://github.com/AIcrowd/flopscope/blob/eb4e6ccf3675c9fe481b59e20a13f4f97ce70482/src/flopscope/_registry.py#L3158,
random.RandomState.randint,random,charged,counted_random_method,numel(output),1.0,illegal,output,size=1000,,,,,,,—,Legacy integer sampler; cost = numel(output).,,https://github.com/AIcrowd/flopscope/blob/eb4e6ccf3675c9fe481b59e20a13f4f97ce70482/src/flopscope/_registry.py#L3165,
random.RandomState.randn,random,charged,counted_random_method,numel(output),16.0,illegal,output,size=1000,,,,,,,—,Legacy standard normal alias; cost = numel(output).,,https://github.com/AIcrowd/flopscope/blob/eb4e6ccf3675c9fe481b59e20a13f4f97ce70482/src/flopscope/_registry.py#L3172,
random.RandomState.random,random,charged,counted_random_method,numel(output),1.0,illegal,output,size=1000,1000,2000,2000,2000,2000,2000,1.0,"Legacy uniform [0,1) alias for random_sample.",,https://github.com/AIcrowd/flopscope/blob/eb4e6ccf3675c9fe481b59e20a13f4f97ce70482/src/flopscope/_registry.py#L3179,https://github.com/AIcrowd/flopscope/blob/eb4e6ccf3675c9fe481b59e20a13f4f97ce70482/src/flopscope/numpy/random/_counted_classes.py#L81
random.RandomState.random_integers,random,charged,counted_random_method,numel(output),1.0,illegal,output,size=1000,,,,,,,—,Legacy deprecated integer sampler; cost = numel(output).,,https://github.com/AIcrowd/flopscope/blob/eb4e6ccf3675c9fe481b59e20a13f4f97ce70482/src/flopscope/_registry.py#L3186,
random.RandomState.random_sample,random,charged,counted_random_method,numel(output),1.0,illegal,output,size=1000,1000,2000,2000,2000,2000,2000,1.0,"Legacy uniform [0,1); cost = numel(output).",,https://github.com/AIcrowd/flopscope/blob/eb4e6ccf3675c9fe481b59e20a13f4f97ce70482/src/flopscope/_registry.py#L3193,https://github.com/AIcrowd/flopscope/blob/eb4e6ccf3675c9fe481b59e20a13f4f97ce70482/src/flopscope/numpy/random/_counted_classes.py#L81
random.RandomState.rayleigh,random,charged,counted_random_method,numel(output),16.0,illegal,output,size=1000,1000,2000,32000,32000,32000,32000,1.0,Legacy Rayleigh sampler; cost = numel(output).,,https://github.com/AIcrowd/flopscope/blob/eb4e6ccf3675c9fe481b59e20a13f4f97ce70482/src/flopscope/_registry.py#L3200,https://github.com/AIcrowd/flopscope/blob/eb4e6ccf3675c9fe481b59e20a13f4f97ce70482/src/flopscope/numpy/random/_counted_classes.py#L81
random.RandomState.shuffle,random,charged,counted_random_method,shape[axis],1.0,1.0,output,size=1000,,,,,,,—,Legacy in-place shuffle; cost = shape[axis] (Fisher-Yates draws). RandomState has no axis kwarg; defaults to 0.,,https://github.com/AIcrowd/flopscope/blob/eb4e6ccf3675c9fe481b59e20a13f4f97ce70482/src/flopscope/_registry.py#L3207,
random.RandomState.standard_cauchy,random,charged,counted_random_method,numel(output),16.0,illegal,output,size=1000,1000,2000,32000,32000,32000,32000,1.0,Legacy standard Cauchy; cost = numel(output).,,https://github.com/AIcrowd/flopscope/blob/eb4e6ccf3675c9fe481b59e20a13f4f97ce70482/src/flopscope/_registry.py#L3214,https://github.com/AIcrowd/flopscope/blob/eb4e6ccf3675c9fe481b59e20a13f4f97ce70482/src/flopscope/numpy/random/_counted_classes.py#L81
random.RandomState.standard_exponential,random,charged,counted_random_method,numel(output),16.0,illegal,output,size=1000,1000,2000,32000,32000,32000,32000,1.0,Legacy standard exponential; cost = numel(output).,,https://github.com/AIcrowd/flopscope/blob/eb4e6ccf3675c9fe481b59e20a13f4f97ce70482/src/flopscope/_registry.py#L3221,https://github.com/AIcrowd/flopscope/blob/eb4e6ccf3675c9fe481b59e20a13f4f97ce70482/src/flopscope/numpy/random/_counted_classes.py#L81
random.RandomState.standard_gamma,random,charged,counted_random_method,numel(output),16.0,illegal,output,size=1000,,,,,,,—,Legacy standard gamma; cost = numel(output).,,https://github.com/AIcrowd/flopscope/blob/eb4e6ccf3675c9fe481b59e20a13f4f97ce70482/src/flopscope/_registry.py#L3228,
random.RandomState.standard_normal,random,charged,counted_random_method,numel(output),16.0,illegal,output,size=1000,1000,2000,32000,32000,32000,32000,1.0,Legacy standard normal; cost = numel(output).,,https://github.com/AIcrowd/flopscope/blob/eb4e6ccf3675c9fe481b59e20a13f4f97ce70482/src/flopscope/_registry.py#L3235,https://github.com/AIcrowd/flopscope/blob/eb4e6ccf3675c9fe481b59e20a13f4f97ce70482/src/flopscope/numpy/random/_counted_classes.py#L81
random.RandomState.standard_t,random,charged,counted_random_method,numel(output),16.0,illegal,output,size=1000,,,,,,,—,Legacy standard Student-t; cost = numel(output).,,https://github.com/AIcrowd/flopscope/blob/eb4e6ccf3675c9fe481b59e20a13f4f97ce70482/src/flopscope/_registry.py#L3242,
random.RandomState.tomaxint,random,charged,counted_random_method,numel(output),1.0,illegal,output,size=1000,1000,2000,2000,2000,2000,2000,1.0,Legacy max-int sampler; cost = numel(output).,,https://github.com/AIcrowd/flopscope/blob/eb4e6ccf3675c9fe481b59e20a13f4f97ce70482/src/flopscope/_registry.py#L3249,https://github.com/AIcrowd/flopscope/blob/eb4e6ccf3675c9fe481b59e20a13f4f97ce70482/src/flopscope/numpy/random/_counted_classes.py#L81
random.RandomState.triangular,random,charged,counted_random_method,numel(output),16.0,illegal,output,size=1000,,,,,,,—,Legacy triangular distribution; cost = numel(output).,,https://github.com/AIcrowd/flopscope/blob/eb4e6ccf3675c9fe481b59e20a13f4f97ce70482/src/flopscope/_registry.py#L3256,
random.RandomState.uniform,random,charged,counted_random_method,uniform,1.0,illegal,output,size=1000,3000,6000,6000,6000,6000,6000,1.0,Legacy uniform sampler; cost = numel(output).,,https://github.com/AIcrowd/flopscope/blob/eb4e6ccf3675c9fe481b59e20a13f4f97ce70482/src/flopscope/_registry.py#L3263,https://github.com/AIcrowd/flopscope/blob/eb4e6ccf3675c9fe481b59e20a13f4f97ce70482/src/flopscope/numpy/random/_counted_classes.py#L81
random.RandomState.vonmises,random,charged,counted_random_method,numel(output),16.0,illegal,output,size=1000,,,,,,,—,Legacy Von Mises sampler; cost = numel(output).,,https://github.com/AIcrowd/flopscope/blob/eb4e6ccf3675c9fe481b59e20a13f4f97ce70482/src/flopscope/_registry.py#L3270,
random.RandomState.wald,random,charged,counted_random_method,numel(output),16.0,illegal,output,size=1000,,,,,,,—,Legacy Wald sampler; cost = numel(output).,,https://github.com/AIcrowd/flopscope/blob/eb4e6ccf3675c9fe481b59e20a13f4f97ce70482/src/flopscope/_registry.py#L3277,
random.RandomState.weibull,random,charged,counted_random_method,numel(output),16.0,illegal,output,size=1000,,,,,,,—,Legacy Weibull sampler; cost = numel(output).,,https://github.com/AIcrowd/flopscope/blob/eb4e6ccf3675c9fe481b59e20a13f4f97ce70482/src/flopscope/_registry.py#L3284,
random.RandomState.zipf,random,charged,counted_random_method,numel(output),16.0,illegal,output,size=1000,,,,,,,—,Legacy Zipf sampler; cost = numel(output).,,https://github.com/AIcrowd/flopscope/blob/eb4e6ccf3675c9fe481b59e20a13f4f97ce70482/src/flopscope/_registry.py#L3291,
random.RandomState.get_state,random,free,free_random_method,,0.0,,neutral,,0,,,,,,—,State accessor; no math.,,https://github.com/AIcrowd/flopscope/blob/eb4e6ccf3675c9fe481b59e20a13f4f97ce70482/src/flopscope/_registry.py#L3299,
random.RandomState.seed,random,free,free_random_method,,0.0,,neutral,,0,,,,,,—,Seed setter; no math.,,https://github.com/AIcrowd/flopscope/blob/eb4e6ccf3675c9fe481b59e20a13f4f97ce70482/src/flopscope/_registry.py#L3304,
random.RandomState.set_state,random,free,free_random_method,,0.0,,neutral,,0,,,,,,—,State setter; no math.,,https://github.com/AIcrowd/flopscope/blob/eb4e6ccf3675c9fe481b59e20a13f4f97ce70482/src/flopscope/_registry.py#L3309,
stats.norm.pdf,stats,charged,counted_custom,,1.0,3.0,operands,(pending curation),,,,,,,—,"Normal PDF; composite: 27 FLOPs/elem (exp + arithmetic), weight 1.0.",,https://github.com/AIcrowd/flopscope/blob/eb4e6ccf3675c9fe481b59e20a13f4f97ce70482/src/flopscope/_registry.py#L3317,
stats.norm.cdf,stats,charged,counted_custom,,1.0,3.0,operands,(pending curation),,,,,,,—,"Normal CDF; composite: 48 FLOPs/elem (erf rational approx + arithmetic), weight 1.0.",,https://github.com/AIcrowd/flopscope/blob/eb4e6ccf3675c9fe481b59e20a13f4f97ce70482/src/flopscope/_registry.py#L3323,
stats.norm.ppf,stats,charged,counted_custom,,1.0,3.0,operands,(pending curation),,,,,,,—,"Normal PPF (inverse CDF); composite: 83 FLOPs/elem (Acklam rational ndtri + Newton polish with erf+exp), weight 1.0.",,https://github.com/AIcrowd/flopscope/blob/eb4e6ccf3675c9fe481b59e20a13f4f97ce70482/src/flopscope/_registry.py#L3329,
stats.uniform.pdf,stats,charged,counted_custom,,1.0,3.0,operands,(pending curation),,,,,,,—,Uniform PDF; cost = numel(input).,,https://github.com/AIcrowd/flopscope/blob/eb4e6ccf3675c9fe481b59e20a13f4f97ce70482/src/flopscope/_registry.py#L3335,
stats.uniform.cdf,stats,charged,counted_custom,,1.0,3.0,operands,(pending curation),,,,,,,—,"Uniform CDF; cost = 4*numel(input) (composite clip kernel: sub+div+2 select, weight 1.0).",,https://github.com/AIcrowd/flopscope/blob/eb4e6ccf3675c9fe481b59e20a13f4f97ce70482/src/flopscope/_registry.py#L3341,
stats.uniform.ppf,stats,charged,counted_custom,,1.0,3.0,operands,(pending curation),,,,,,,—,Uniform PPF; cost = numel(input).,,https://github.com/AIcrowd/flopscope/blob/eb4e6ccf3675c9fe481b59e20a13f4f97ce70482/src/flopscope/_registry.py#L3347,
stats.expon.pdf,stats,charged,counted_custom,,1.0,3.0,operands,(pending curation),,,,,,,—,Exponential PDF; cost = numel(input).,,https://github.com/AIcrowd/flopscope/blob/eb4e6ccf3675c9fe481b59e20a13f4f97ce70482/src/flopscope/_registry.py#L3353,
stats.expon.cdf,stats,charged,counted_custom,,1.0,3.0,operands,(pending curation),,,,,,,—,Exponential CDF; cost = numel(input).,,https://github.com/AIcrowd/flopscope/blob/eb4e6ccf3675c9fe481b59e20a13f4f97ce70482/src/flopscope/_registry.py#L3359,
stats.expon.ppf,stats,charged,counted_custom,,1.0,3.0,operands,(pending curation),,,,,,,—,Exponential PPF; cost = numel(input).,,https://github.com/AIcrowd/flopscope/blob/eb4e6ccf3675c9fe481b59e20a13f4f97ce70482/src/flopscope/_registry.py#L3365,
stats.cauchy.pdf,stats,charged,counted_custom,,1.0,3.0,operands,(pending curation),,,,,,,—,"Cauchy PDF; cost = 6*numel(input) (pure-arithmetic composite, weight 1.0).",,https://github.com/AIcrowd/flopscope/blob/eb4e6ccf3675c9fe481b59e20a13f4f97ce70482/src/flopscope/_registry.py#L3371,
stats.cauchy.cdf,stats,charged,counted_custom,,1.0,3.0,operands,(pending curation),,,,,,,—,Cauchy CDF; cost = numel(input).,,https://github.com/AIcrowd/flopscope/blob/eb4e6ccf3675c9fe481b59e20a13f4f97ce70482/src/flopscope/_registry.py#L3377,
stats.cauchy.ppf,stats,charged,counted_custom,,1.0,3.0,operands,(pending curation),,,,,,,—,Cauchy PPF; cost = numel(input).,,https://github.com/AIcrowd/flopscope/blob/eb4e6ccf3675c9fe481b59e20a13f4f97ce70482/src/flopscope/_registry.py#L3383,
stats.logistic.pdf,stats,charged,counted_custom,,1.0,3.0,operands,(pending curation),,,,,,,—,Logistic PDF; cost = numel(input).,,https://github.com/AIcrowd/flopscope/blob/eb4e6ccf3675c9fe481b59e20a13f4f97ce70482/src/flopscope/_registry.py#L3389,
stats.logistic.cdf,stats,charged,counted_custom,,1.0,3.0,operands,(pending curation),,,,,,,—,Logistic CDF; cost = numel(input).,,https://github.com/AIcrowd/flopscope/blob/eb4e6ccf3675c9fe481b59e20a13f4f97ce70482/src/flopscope/_registry.py#L3395,
stats.logistic.ppf,stats,charged,counted_custom,,1.0,3.0,operands,(pending curation),,,,,,,—,Logistic PPF; cost = numel(input).,,https://github.com/AIcrowd/flopscope/blob/eb4e6ccf3675c9fe481b59e20a13f4f97ce70482/src/flopscope/_registry.py#L3401,
stats.laplace.pdf,stats,charged,counted_custom,,1.0,3.0,operands,(pending curation),,,,,,,—,Laplace PDF; cost = numel(input).,,https://github.com/AIcrowd/flopscope/blob/eb4e6ccf3675c9fe481b59e20a13f4f97ce70482/src/flopscope/_registry.py#L3407,
stats.laplace.cdf,stats,charged,counted_custom,,1.0,3.0,operands,(pending curation),,,,,,,—,"Laplace CDF; composite: 40 FLOPs/elem (two eager exp branches), weight 1.0.",,https://github.com/AIcrowd/flopscope/blob/eb4e6ccf3675c9fe481b59e20a13f4f97ce70482/src/flopscope/_registry.py#L3413,
stats.laplace.ppf,stats,charged,counted_custom,,1.0,3.0,operands,(pending curation),,,,,,,—,"Laplace PPF; composite: 51 FLOPs/elem (two eager log branches), weight 1.0.",,https://github.com/AIcrowd/flopscope/blob/eb4e6ccf3675c9fe481b59e20a13f4f97ce70482/src/flopscope/_registry.py#L3419,
stats.lognorm.pdf,stats,charged,counted_custom,,1.0,3.0,operands,(pending curation),,,,,,,—,"Log-normal PDF; composite: 62 FLOPs/elem (log + exp + arithmetic), weight 1.0.",,https://github.com/AIcrowd/flopscope/blob/eb4e6ccf3675c9fe481b59e20a13f4f97ce70482/src/flopscope/_registry.py#L3425,
stats.lognorm.cdf,stats,charged,counted_custom,,1.0,3.0,operands,(pending curation),,,,,,,—,"Log-normal CDF; composite: 70 FLOPs/elem (log + erf), weight 1.0.",,https://github.com/AIcrowd/flopscope/blob/eb4e6ccf3675c9fe481b59e20a13f4f97ce70482/src/flopscope/_registry.py#L3431,
stats.lognorm.ppf,stats,charged,counted_custom,,1.0,3.0,operands,(pending curation),,,,,,,—,"Log-normal PPF; composite: 106 FLOPs/elem (ndtri + exp), weight 1.0.",,https://github.com/AIcrowd/flopscope/blob/eb4e6ccf3675c9fe481b59e20a13f4f97ce70482/src/flopscope/_registry.py#L3437,
stats.truncnorm.pdf,stats,charged,counted_custom,,1.0,3.0,operands,(pending curation),,,,,,,—,Truncated normal PDF; cost = numel(input).,,https://github.com/AIcrowd/flopscope/blob/eb4e6ccf3675c9fe481b59e20a13f4f97ce70482/src/flopscope/_registry.py#L3443,
stats.truncnorm.cdf,stats,charged,counted_custom,,1.0,3.0,operands,(pending curation),,,,,,,—,Truncated normal CDF; cost = numel(input).,,https://github.com/AIcrowd/flopscope/blob/eb4e6ccf3675c9fe481b59e20a13f4f97ce70482/src/flopscope/_registry.py#L3449,
stats.truncnorm.ppf,stats,charged,counted_custom,,1.0,3.0,operands,(pending curation),,,,,,,—,"Truncated normal PPF; composite: 81 FLOPs/elem (erf + ndtri rational approx + arithmetic), weight 1.0.",,https://github.com/AIcrowd/flopscope/blob/eb4e6ccf3675c9fe481b59e20a13f4f97ce70482/src/flopscope/_registry.py#L3455,
poly,numpy,charged,counted_custom,,1.0,4.0,operands,(pending curation),,,,,,,—,Polynomial from roots. Cost: $n^2$ FLOPs.,,https://github.com/AIcrowd/flopscope/blob/eb4e6ccf3675c9fe481b59e20a13f4f97ce70482/src/flopscope/_registry.py#L3464,
roots,numpy,charged,counted_custom,,1.0,4.0,operands,(pending curation),,,,,,,—,"Return roots of polynomial with given coefficients. Cost: ~$10n^3$ (companion-matrix eigvals). n = trimmed degree (zero coefficients stripped, as np.roots does). Confirmed by the 2026-06 evidence audit (LAPACK Users' Guide Table 3.13 / G&VL 4e §7.5).",,https://github.com/AIcrowd/flopscope/blob/eb4e6ccf3675c9fe481b59e20a13f4f97ce70482/src/flopscope/_registry.py#L3470,
polyadd,numpy,charged,counted_custom,,1.0,2.0,operands,(pending curation),,,,,,,—,"Add two polynomials. Cost: max(n1, n2) FLOPs.",,https://github.com/AIcrowd/flopscope/blob/eb4e6ccf3675c9fe481b59e20a13f4f97ce70482/src/flopscope/_registry.py#L3476,
polyder,numpy,charged,counted_custom,,1.0,2.0,operands,(pending curation),,,,,,,—,"Differentiate polynomial m times. Cost: t*n - t*(t+1)/2 FLOPs, t = min(m, n-1) (one multiply per surviving coefficient per step).",,https://github.com/AIcrowd/flopscope/blob/eb4e6ccf3675c9fe481b59e20a13f4f97ce70482/src/flopscope/_registry.py#L3482,
polydiv,numpy,charged,counted_custom,,1.0,4.0,operands,(pending curation),,,,,,,—,Divide one polynomial by another. Cost: n1 * n2 FLOPs.,,https://github.com/AIcrowd/flopscope/blob/eb4e6ccf3675c9fe481b59e20a13f4f97ce70482/src/flopscope/_registry.py#L3488,
polyfit,numpy,charged,counted_custom,,1.0,4.0,operands,(pending curation),,,,,,,—,Least squares polynomial fit. Cost: 2 * m * (deg+1)^2 FLOPs.,,https://github.com/AIcrowd/flopscope/blob/eb4e6ccf3675c9fe481b59e20a13f4f97ce70482/src/flopscope/_registry.py#L3494,
polyint,numpy,charged,counted_custom,,1.0,2.0,operands,(pending curation),,,,,,,—,Integrate polynomial. Cost: m*n + m*(m-1)/2 FLOPs (m = integration order).,,https://github.com/AIcrowd/flopscope/blob/eb4e6ccf3675c9fe481b59e20a13f4f97ce70482/src/flopscope/_registry.py#L3500,
polymul,numpy,charged,counted_custom,,1.0,4.0,operands,(pending curation),,,,,,,—,Multiply polynomials. Cost: n1 * n2 FLOPs.,,https://github.com/AIcrowd/flopscope/blob/eb4e6ccf3675c9fe481b59e20a13f4f97ce70482/src/flopscope/_registry.py#L3506,
polysub,numpy,charged,counted_custom,,1.0,2.0,operands,(pending curation),,,,,,,—,"Difference (subtraction) of two polynomials. Cost: max(n1, n2) FLOPs.",,https://github.com/AIcrowd/flopscope/blob/eb4e6ccf3675c9fe481b59e20a13f4f97ce70482/src/flopscope/_registry.py#L3512,
polyval,numpy,charged,counted_custom,,1.0,4.0,operands,(pending curation),,,,,,,—,"Evaluate polynomial at given points. Cost: $2 \cdot m \cdot \text{deg}$ (Horner's method, FMA=2).",,https://github.com/AIcrowd/flopscope/blob/eb4e6ccf3675c9fe481b59e20a13f4f97ce70482/src/flopscope/_registry.py#L3518,
bartlett,numpy,charged,counted_custom,,1.0,1.0,operands,(pending curation),,,,,,,—,Bartlett window. Cost: 4*n (compare + divide + add + select per sample; single branch of numpy where-based evaluation).,,https://github.com/AIcrowd/flopscope/blob/eb4e6ccf3675c9fe481b59e20a13f4f97ce70482/src/flopscope/_registry.py#L3525,
blackman,numpy,charged,counted_custom,,1.0,1.0,operands,(pending curation),,,,,,,—,"Blackman window. Cost: 40*n composite (two cosine evals at transcendental rate + 8 arithmetic per sample; the 0.42 term is a constant, not a third cosine).",,https://github.com/AIcrowd/flopscope/blob/eb4e6ccf3675c9fe481b59e20a13f4f97ce70482/src/flopscope/_registry.py#L3531,
hamming,numpy,charged,counted_custom,,8.0,1.0,operands,(pending curation),,,,,,,—,Hamming window. Cost: n (one cosine per sample).,,https://github.com/AIcrowd/flopscope/blob/eb4e6ccf3675c9fe481b59e20a13f4f97ce70482/src/flopscope/_registry.py#L3537,
hanning,numpy,charged,counted_custom,,8.0,1.0,operands,(pending curation),,,,,,,—,Hanning window. Cost: n (one cosine per sample).,,https://github.com/AIcrowd/flopscope/blob/eb4e6ccf3675c9fe481b59e20a13f4f97ce70482/src/flopscope/_registry.py#L3543,
kaiser,numpy,charged,counted_custom,,1.0,1.0,operands,(pending curation),,,,,,,—,"Kaiser window. Cost: 23*n (per sample: 1 Bessel I0 at transcendental tier 16 + 7 arithmetic FLOPs, FMA=2).",,https://github.com/AIcrowd/flopscope/blob/eb4e6ccf3675c9fe481b59e20a13f4f97ce70482/src/flopscope/_registry.py#L3549,
genfromtxt,numpy,blacklisted,blacklisted,,0.0,,neutral,,0,,,,,,—,Load data from text file with missing values. Not supported.,,https://github.com/AIcrowd/flopscope/blob/eb4e6ccf3675c9fe481b59e20a13f4f97ce70482/src/flopscope/_registry.py#L3556,
loadtxt,numpy,blacklisted,blacklisted,,0.0,,neutral,,0,,,,,,—,Load data from text file. Not supported.,,https://github.com/AIcrowd/flopscope/blob/eb4e6ccf3675c9fe481b59e20a13f4f97ce70482/src/flopscope/_registry.py#L3561,
load,numpy,free,free,,0.0,,neutral,,0,,,,,,—,Load arrays from .npy/.npz files (pickle-free). Cost: 0 FLOPs.,,https://github.com/AIcrowd/flopscope/blob/eb4e6ccf3675c9fe481b59e20a13f4f97ce70482/src/flopscope/_registry.py#L3566,
save,numpy,free,free,,0.0,,neutral,,0,,,,,,—,Save array to .npy file (pickle-free). Cost: 0 FLOPs.,,https://github.com/AIcrowd/flopscope/blob/eb4e6ccf3675c9fe481b59e20a13f4f97ce70482/src/flopscope/_registry.py#L3571,
savetxt,numpy,blacklisted,blacklisted,,0.0,,neutral,,0,,,,,,—,Save array to text file. Not supported.,,https://github.com/AIcrowd/flopscope/blob/eb4e6ccf3675c9fe481b59e20a13f4f97ce70482/src/flopscope/_registry.py#L3576,
savez,numpy,free,free,,0.0,,neutral,,0,,,,,,—,Save multiple arrays to .npz (pickle-free). Cost: 0 FLOPs.,,https://github.com/AIcrowd/flopscope/blob/eb4e6ccf3675c9fe481b59e20a13f4f97ce70482/src/flopscope/_registry.py#L3581,
savez_compressed,numpy,free,free,,0.0,,neutral,,0,,,,,,—,Save multiple arrays to compressed .npz (pickle-free). Cost: 0 FLOPs.,,https://github.com/AIcrowd/flopscope/blob/eb4e6ccf3675c9fe481b59e20a13f4f97ce70482/src/flopscope/_registry.py#L3586,
show_config,numpy,blacklisted,blacklisted,,0.0,,neutral,,0,,,,,,—,Show NumPy build configuration. Not supported.,,https://github.com/AIcrowd/flopscope/blob/eb4e6ccf3675c9fe481b59e20a13f4f97ce70482/src/flopscope/_registry.py#L3592,
show_runtime,numpy,blacklisted,blacklisted,,0.0,,neutral,,0,,,,,,—,Show runtime info. Not supported.,,https://github.com/AIcrowd/flopscope/blob/eb4e6ccf3675c9fe481b59e20a13f4f97ce70482/src/flopscope/_registry.py#L3597,
get_include,numpy,blacklisted,blacklisted,,0.0,,neutral,,0,,,,,,—,Return directory containing NumPy C header files. Not supported.,,https://github.com/AIcrowd/flopscope/blob/eb4e6ccf3675c9fe481b59e20a13f4f97ce70482/src/flopscope/_registry.py#L3602,
getbufsize,numpy,blacklisted,blacklisted,,0.0,,neutral,,0,,,,,,—,Return size of buffer used in ufuncs. Not supported.,,https://github.com/AIcrowd/flopscope/blob/eb4e6ccf3675c9fe481b59e20a13f4f97ce70482/src/flopscope/_registry.py#L3607,
setbufsize,numpy,blacklisted,blacklisted,,0.0,,neutral,,0,,,,,,—,Set size of buffer used in ufuncs. Not supported.,,https://github.com/AIcrowd/flopscope/blob/eb4e6ccf3675c9fe481b59e20a13f4f97ce70482/src/flopscope/_registry.py#L3612,
geterr,numpy,blacklisted,blacklisted,,0.0,,neutral,,0,,,,,,—,FP-error-state get/set; pure numpy state management. 0 FLOPs.,,https://github.com/AIcrowd/flopscope/blob/eb4e6ccf3675c9fe481b59e20a13f4f97ce70482/src/flopscope/_registry.py#L3617,
seterr,numpy,blacklisted,blacklisted,,0.0,,neutral,,0,,,,,,—,FP-error-state get/set; pure numpy state management. 0 FLOPs.,,https://github.com/AIcrowd/flopscope/blob/eb4e6ccf3675c9fe481b59e20a13f4f97ce70482/src/flopscope/_registry.py#L3622,
geterrcall,numpy,blacklisted,blacklisted,,0.0,,neutral,,0,,,,,,—,Return current callback function for floating-point errors. Not supported.,,https://github.com/AIcrowd/flopscope/blob/eb4e6ccf3675c9fe481b59e20a13f4f97ce70482/src/flopscope/_registry.py#L3627,
seterrcall,numpy,blacklisted,blacklisted,,0.0,,neutral,,0,,,,,,—,Set callback function for floating-point errors. Not supported.,,https://github.com/AIcrowd/flopscope/blob/eb4e6ccf3675c9fe481b59e20a13f4f97ce70482/src/flopscope/_registry.py#L3632,
asmatrix,numpy,blacklisted,blacklisted,,0.0,,neutral,,0,,,,,,—,Interpret input as matrix (deprecated). Not supported.,,https://github.com/AIcrowd/flopscope/blob/eb4e6ccf3675c9fe481b59e20a13f4f97ce70482/src/flopscope/_registry.py#L3638,
nested_iters,numpy,blacklisted,blacklisted,,0.0,,neutral,,0,,,,,,—,Create nested iterators for multi-index broadcasting. Not supported.,,https://github.com/AIcrowd/flopscope/blob/eb4e6ccf3675c9fe481b59e20a13f4f97ce70482/src/flopscope/_registry.py#L3643,
frompyfunc,numpy,blacklisted,blacklisted,,0.0,,neutral,,0,,,,,,—,Take arbitrary Python function and return NumPy ufunc. Not supported.,,https://github.com/AIcrowd/flopscope/blob/eb4e6ccf3675c9fe481b59e20a13f4f97ce70482/src/flopscope/_registry.py#L3648,
piecewise,numpy,charged,counted_custom,,4.0,1.0,operands,(pending curation),,,,,,,—,Piecewise function. Cost: numel(input).,,https://github.com/AIcrowd/flopscope/blob/eb4e6ccf3675c9fe481b59e20a13f4f97ce70482/src/flopscope/_registry.py#L3653,
apply_along_axis,numpy,charged,counted_custom,,4.0,1.0,operands,(pending curation),,,,,,,—,Apply function along axis. Cost: numel(output). Inner function costs tracked separately.,,https://github.com/AIcrowd/flopscope/blob/eb4e6ccf3675c9fe481b59e20a13f4f97ce70482/src/flopscope/_registry.py#L3660,
apply_over_axes,numpy,charged,counted_custom,,1.0,1.0,operands,(pending curation),,,,,,,—,Apply function over multiple axes. Cost: numel(output).,,https://github.com/AIcrowd/flopscope/blob/eb4e6ccf3675c9fe481b59e20a13f4f97ce70482/src/flopscope/_registry.py#L3667,
datetime_as_string,numpy,blacklisted,blacklisted,,0.0,,neutral,,0,,,,,,—,Convert datetime array to string representation. Not supported.,,https://github.com/AIcrowd/flopscope/blob/eb4e6ccf3675c9fe481b59e20a13f4f97ce70482/src/flopscope/_registry.py#L3675,
datetime_data,numpy,blacklisted,blacklisted,,0.0,,neutral,,0,,,,,,—,Get information about the step size of datetime dtype. Not supported.,,https://github.com/AIcrowd/flopscope/blob/eb4e6ccf3675c9fe481b59e20a13f4f97ce70482/src/flopscope/_registry.py#L3680,
busday_count,numpy,blacklisted,blacklisted,,0.0,,neutral,,0,,,,,,—,Count valid days between begindate and enddate. Not supported.,,https://github.com/AIcrowd/flopscope/blob/eb4e6ccf3675c9fe481b59e20a13f4f97ce70482/src/flopscope/_registry.py#L3685,
busday_offset,numpy,blacklisted,blacklisted,,0.0,,neutral,,0,,,,,,—,Apply offset to dates subject to valid day rules. Not supported.,,https://github.com/AIcrowd/flopscope/blob/eb4e6ccf3675c9fe481b59e20a13f4f97ce70482/src/flopscope/_registry.py#L3690,
is_busday,numpy,blacklisted,blacklisted,,0.0,,neutral,,0,,,,,,—,Calculates which of given dates are valid days. Not supported.,,https://github.com/AIcrowd/flopscope/blob/eb4e6ccf3675c9fe481b59e20a13f4f97ce70482/src/flopscope/_registry.py#L3695,
array2string,numpy,blacklisted,blacklisted,,0.0,,neutral,,0,,,,,,—,Return string representation of array. Not supported.,,https://github.com/AIcrowd/flopscope/blob/eb4e6ccf3675c9fe481b59e20a13f4f97ce70482/src/flopscope/_registry.py#L3701,
array_repr,numpy,blacklisted,blacklisted,,0.0,,neutral,,0,,,,,,—,Return string representation of array. Not supported.,,https://github.com/AIcrowd/flopscope/blob/eb4e6ccf3675c9fe481b59e20a13f4f97ce70482/src/flopscope/_registry.py#L3706,
array_str,numpy,blacklisted,blacklisted,,0.0,,neutral,,0,,,,,,—,Return string representation of data in array. Not supported.,,https://github.com/AIcrowd/flopscope/blob/eb4e6ccf3675c9fe481b59e20a13f4f97ce70482/src/flopscope/_registry.py#L3711,
format_float_positional,numpy,blacklisted,blacklisted,,0.0,,neutral,,0,,,,,,—,Format floating point scalar as decimal string. Not supported.,,https://github.com/AIcrowd/flopscope/blob/eb4e6ccf3675c9fe481b59e20a13f4f97ce70482/src/flopscope/_registry.py#L3716,
format_float_scientific,numpy,blacklisted,blacklisted,,0.0,,neutral,,0,,,,,,—,Format floating point scalar as scientific notation. Not supported.,,https://github.com/AIcrowd/flopscope/blob/eb4e6ccf3675c9fe481b59e20a13f4f97ce70482/src/flopscope/_registry.py#L3721,
ndindex,numpy,blacklisted,blacklisted,,0.0,,neutral,,0,,,,,,—,Index iterator; not a remote-compute value op.,,https://github.com/AIcrowd/flopscope/blob/eb4e6ccf3675c9fe481b59e20a13f4f97ce70482/src/flopscope/_registry.py#L3727,
nditer,numpy,blacklisted,blacklisted,,0.0,,neutral,,0,,,,,,—,Array iterator; not a remote-compute value op.,,https://github.com/AIcrowd/flopscope/blob/eb4e6ccf3675c9fe481b59e20a13f4f97ce70482/src/flopscope/_registry.py#L3732,
ndenumerate,numpy,blacklisted,blacklisted,,0.0,,neutral,,0,,,,,,—,Index/value iterator; not a remote-compute value op.,,https://github.com/AIcrowd/flopscope/blob/eb4e6ccf3675c9fe481b59e20a13f4f97ce70482/src/flopscope/_registry.py#L3737,
broadcast,numpy,blacklisted,blacklisted,,0.0,,neutral,,0,,,,,,—,Broadcast iterator object; not a remote-compute value op.,,https://github.com/AIcrowd/flopscope/blob/eb4e6ccf3675c9fe481b59e20a13f4f97ce70482/src/flopscope/_registry.py#L3742,
errstate,numpy,blacklisted,blacklisted,,0.0,,neutral,,0,,,,,,—,"Floating-point error-state context manager; global state, not remote.",,https://github.com/AIcrowd/flopscope/blob/eb4e6ccf3675c9fe481b59e20a13f4f97ce70482/src/flopscope/_registry.py#L3747,
printoptions,numpy,blacklisted,blacklisted,,0.0,,neutral,,0,,,,,,—,"Print-options context manager; global display state, not remote.",,https://github.com/AIcrowd/flopscope/blob/eb4e6ccf3675c9fe481b59e20a13f4f97ce70482/src/flopscope/_registry.py#L3752,
get_printoptions,numpy,blacklisted,blacklisted,,0.0,,neutral,,0,,,,,,—,"Read global print options; display state, not remote.",,https://github.com/AIcrowd/flopscope/blob/eb4e6ccf3675c9fe481b59e20a13f4f97ce70482/src/flopscope/_registry.py#L3757,
set_printoptions,numpy,blacklisted,blacklisted,,0.0,,neutral,,0,,,,,,—,"Set global print options; display state, not remote.",,https://github.com/AIcrowd/flopscope/blob/eb4e6ccf3675c9fe481b59e20a13f4f97ce70482/src/flopscope/_registry.py#L3762,
finfo,numpy,blacklisted,blacklisted,,0.0,,neutral,,0,,,,,,—,"Float dtype-info object; introspection, not a remote-compute value op.",,https://github.com/AIcrowd/flopscope/blob/eb4e6ccf3675c9fe481b59e20a13f4f97ce70482/src/flopscope/_registry.py#L3767,
iinfo,numpy,blacklisted,blacklisted,,0.0,,neutral,,0,,,,,,—,"Integer dtype-info object; introspection, not a remote-compute value op.",,https://github.com/AIcrowd/flopscope/blob/eb4e6ccf3675c9fe481b59e20a13f4f97ce70482/src/flopscope/_registry.py#L3772,
unwrap,numpy,charged,counted_custom,,1.0,illegal,operands,(pending curation),,,,,,,—,Phase unwrap. Cost: $\text{numel}(\text{input})$ (diff + conditional adjustment).,,https://github.com/AIcrowd/flopscope/blob/eb4e6ccf3675c9fe481b59e20a13f4f97ce70482/src/flopscope/_registry.py#L3777,
